SET check_function_bodies = false;
INSERT INTO auth.users (id, created_at, updated_at, last_seen, disabled, display_name, avatar_url, locale, email, phone_number, password_hash, email_verified, phone_number_verified, new_email, otp_method_last_used, otp_hash, otp_hash_expires_at, default_role, is_anonymous, totp_secret, active_mfa_type, ticket, ticket_expires_at, metadata, webauthn_current_challenge) VALUES ('eed52e56-6451-47c8-86b5-1f318f0d3a99', '2024-01-22 02:44:25.32829+00', '2024-01-22 04:07:43.534334+00', '2024-01-22 04:07:43.528+00', false, 'test2@test.com', 'https://s.gravatar.com/avatar/f2c97b1f2d2898cd2d6466ce95d4ba33?r=g&default=identicon', 'en', 'test2@test.com', NULL, '$2a$10$1aafehmCfwRM1Ov/H5j9Ief94GttTKpKJ1GhzMfnGjyZpIdB2loXm', true, false, NULL, NULL, NULL, '2024-01-22 02:44:25.32829+00', 'user', false, NULL, NULL, 'verifyEmail:f80e1286-5e1a-4e9e-9136-080c88a66f82', '2024-02-21 02:44:25.316+00', '{}', NULL);
INSERT INTO auth.users (id, created_at, updated_at, last_seen, disabled, display_name, avatar_url, locale, email, phone_number, password_hash, email_verified, phone_number_verified, new_email, otp_method_last_used, otp_hash, otp_hash_expires_at, default_role, is_anonymous, totp_secret, active_mfa_type, ticket, ticket_expires_at, metadata, webauthn_current_challenge) VALUES ('760a436d-a0d5-491c-a45f-f63204ae9bc0', '2024-01-04 05:11:18.124982+00', '2024-01-22 04:17:43.596653+00', '2024-01-22 04:17:43.59+00', false, 'test@test.com', 'https://s.gravatar.com/avatar/b642b4217b34b1e8d3bd915fc65c4452?r=g&default=identicon', 'en', 'test@test.com', NULL, '$2a$10$YT17/VgBnLK/gWhbCmvBT.wB9iAHL1sU.d.vWJQvbqsmGhPHfP5v6', true, false, NULL, NULL, NULL, '2024-01-04 05:11:18.124982+00', 'user', false, NULL, NULL, 'verifyEmail:e0853011-4065-4c4d-b1f9-dc3fbf0cbb08', '2024-02-03 05:11:18.112+00', '{}', NULL);
INSERT INTO auth.user_roles (id, created_at, user_id, role) VALUES ('9a95ec3d-5d94-423c-a056-9bd9fcbf1a4c', '2024-01-04 05:11:18.124982+00', '760a436d-a0d5-491c-a45f-f63204ae9bc0', 'me');
INSERT INTO auth.user_roles (id, created_at, user_id, role) VALUES ('1542adfd-ffa2-4abe-8f63-4d6883cc7281', '2024-01-04 05:11:18.124982+00', '760a436d-a0d5-491c-a45f-f63204ae9bc0', 'user');
INSERT INTO auth.user_roles (id, created_at, user_id, role) VALUES ('2cb26fa1-55a8-4825-9a37-44a4a24ec8c0', '2024-01-22 02:46:02.664401+00', 'eed52e56-6451-47c8-86b5-1f318f0d3a99', 'me');
INSERT INTO auth.user_roles (id, created_at, user_id, role) VALUES ('a505e355-7599-4b79-bf7f-629e5f86e587', '2024-01-22 02:46:13.366212+00', 'eed52e56-6451-47c8-86b5-1f318f0d3a99', 'user');
INSERT INTO public.barcodes (code, type) VALUES ('ANNO
1822', NULL);
INSERT INTO public.barcodes (code, type) VALUES ('859996000750', 'UPC_A');
INSERT INTO public.barcodes (code, type) VALUES ('812949023459', 'UPC_A');
INSERT INTO public.barcodes (code, type) VALUES ('', NULL);
INSERT INTO public.barcodes (code, type) VALUES ('081240050376', 'UPC_A');
INSERT INTO public.item_onboardings (id, user_id, created_at, updated_at, status, barcode, barcode_type, front_label_image_id, back_label_image_id, raw_defaults, defaults, item_type) VALUES ('ec5ff75a-7363-49a2-af1d-c79d7c1be82f', '760a436d-a0d5-491c-a45f-f63204ae9bc0', '2024-01-04 05:35:21.294011+00', '2024-01-04 05:35:21.294011+00', 'COMPLETED', NULL, NULL, NULL, NULL, NULL, '{}', 'BEER');
INSERT INTO public.item_onboardings (id, user_id, created_at, updated_at, status, barcode, barcode_type, front_label_image_id, back_label_image_id, raw_defaults, defaults, item_type) VALUES ('79a25533-60cc-48f2-8d84-e063a5e146a7', '760a436d-a0d5-491c-a45f-f63204ae9bc0', '2024-01-04 05:43:03.846645+00', '2024-01-04 05:43:03.846645+00', 'COMPLETED', NULL, NULL, NULL, NULL, '```json
{
  "name": "Lindemans Kriek",
  "description": "A lambic made from local barley, unmalted wheat, cherry juice, aged hops, and wild, airborne yeast (\"spontaneous fermentation\"). True lambics are rare; they are all brewed and fermented at one of fewer than a dozen breweries, all located in Belgium''s Senne River Valley near Brussels, a region only about 15 by 75 miles. Lindemans Brewery: Family-owned since 1822",
  "style": "LAMBIC",
  "vintage": null,
  "brewery": "Lindemans",
  "country": "BELGIUM",
  "alcohol_content_percentage": "7.5",
  "international_bitterness_unit": null,
  "barcode": null
}
```', '{"name": "Lindemans Kriek", "style": "LAMBIC", "country": "BELGIUM", "vintage": null, "__typename": "beer_defaults_result", "description": "A lambic made from local barley, unmalted wheat, cherry juice, aged hops, and wild, airborne yeast (\"spontaneous fermentation\"). True lambics are rare; they are all brewed and fermented at one of fewer than a dozen breweries, all located in Belgium''s Senne River Valley near Brussels, a region only about 15 by 75 miles. Lindemans Brewery: Family-owned since 1822", "barcode_code": null, "alcohol_content_percentage": "7.5", "international_bitterness_unit": null}', 'BEER');
INSERT INTO public.item_onboardings (id, user_id, created_at, updated_at, status, barcode, barcode_type, front_label_image_id, back_label_image_id, raw_defaults, defaults, item_type) VALUES ('9670aae4-73d9-48a8-9052-fd24cc66844c', '760a436d-a0d5-491c-a45f-f63204ae9bc0', '2024-01-04 06:03:31.047233+00', '2024-01-04 06:03:31.047233+00', 'COMPLETED', NULL, NULL, NULL, NULL, '```json
{
  "name": null,
  "description": null,
  "style": null,
  "vintage": null,
  "brewery": null,
  "country": null,
  "alcohol_content_percentage": null,
  "international_bitterness_unit": null,
  "barcode": null
}
```', '{"name": null, "style": null, "country": null, "vintage": null, "__typename": "beer_defaults_result", "description": null, "barcode_code": null, "alcohol_content_percentage": null, "international_bitterness_unit": null}', 'BEER');
INSERT INTO public.item_onboardings (id, user_id, created_at, updated_at, status, barcode, barcode_type, front_label_image_id, back_label_image_id, raw_defaults, defaults, item_type) VALUES ('0a8baae9-aba2-4527-a41a-cc436c7b05a6', '760a436d-a0d5-491c-a45f-f63204ae9bc0', '2024-01-04 06:07:50.240018+00', '2024-01-04 06:07:50.240018+00', 'COMPLETED', NULL, NULL, NULL, NULL, '```json
{
  "name": "Lindemans Kriek",
  "description": "Lindemans Kriek is a Belgian lambic beer that is brewed with cherries. It has a sweet, tart, and fruity flavor with a hint of funk. The beer is made with a blend of young and old lambic beers, which are fermented with wild yeast and bacteria. The cherries are added to the beer during the fermentation process, which gives it its characteristic red color and flavor. Lindemans Kriek is a refreshing and flavorful beer that is perfect for summer drinking.",
  "style": "LAMBIC",
  "vintage": null,
  "brewery": "Lindemans",
  "country": "BELGIUM",
  "alcohol_content_percentage": null,
  "international_bitterness_unit": null,
  "barcode": null
}
```', '{"name": "Lindemans Kriek", "style": "LAMBIC", "country": "BELGIUM", "vintage": null, "__typename": "beer_defaults_result", "description": "Lindemans Kriek is a Belgian lambic beer that is brewed with cherries. It has a sweet, tart, and fruity flavor with a hint of funk. The beer is made with a blend of young and old lambic beers, which are fermented with wild yeast and bacteria. The cherries are added to the beer during the fermentation process, which gives it its characteristic red color and flavor. Lindemans Kriek is a refreshing and flavorful beer that is perfect for summer drinking.", "barcode_code": null, "alcohol_content_percentage": null, "international_bitterness_unit": null}', 'BEER');
INSERT INTO public.item_onboardings (id, user_id, created_at, updated_at, status, barcode, barcode_type, front_label_image_id, back_label_image_id, raw_defaults, defaults, item_type) VALUES ('a333c16c-7e6b-4faf-8560-c22c3b1967e5', '760a436d-a0d5-491c-a45f-f63204ae9bc0', '2024-01-04 06:09:17.367721+00', '2024-01-04 06:09:17.367721+00', 'COMPLETED', NULL, NULL, NULL, NULL, '```
{
  "name": "Pale Ale",
  "description": "This bold and flavorful pale ale features a sweet cherry aroma and character.",
  "style": "PALE_ALE",
  "vintage": null,
  "brewery": "Lindemans",
  "country": "Belgium",
  "alcohol_content_percentage": null,
  "international_bitterness_unit": null,
  "barcode": null
}
```', '{"name": "Pale Ale", "style": "PALE_ALE", "country": "BELGIUM", "vintage": null, "__typename": "beer_defaults_result", "description": "This bold and flavorful pale ale features a sweet cherry aroma and character.", "barcode_code": null, "alcohol_content_percentage": null, "international_bitterness_unit": null}', 'BEER');
INSERT INTO public.item_onboardings (id, user_id, created_at, updated_at, status, barcode, barcode_type, front_label_image_id, back_label_image_id, raw_defaults, defaults, item_type) VALUES ('44210d7f-0765-4143-a215-6be26ebdd966', '760a436d-a0d5-491c-a45f-f63204ae9bc0', '2024-01-04 06:14:30.510434+00', '2024-01-04 06:14:30.510434+00', 'COMPLETED', NULL, NULL, NULL, NULL, '```json
{
  "name": null,
  "description": null,
  "style": null,
  "vintage": null,
  "brewery": null,
  "country": null,
  "alcohol_content_percentage": null,
  "international_bitterness_unit": null,
  "barcode": null
}
```', '{"name": null, "style": null, "country": null, "vintage": null, "__typename": "beer_defaults_result", "description": null, "barcode_code": null, "alcohol_content_percentage": null, "international_bitterness_unit": null}', 'BEER');
INSERT INTO public.item_onboardings (id, user_id, created_at, updated_at, status, barcode, barcode_type, front_label_image_id, back_label_image_id, raw_defaults, defaults, item_type) VALUES ('052497af-e9a1-4dee-9c03-1f2eff77ebee', '760a436d-a0d5-491c-a45f-f63204ae9bc0', '2024-01-04 06:16:34.347462+00', '2024-01-04 06:16:34.347462+00', 'COMPLETED', NULL, NULL, NULL, NULL, '```json
{
  "name": "Lindemans Kriek",
  "description": "A lambic made from local barley, unmalted wheat, cherry juice, aged under noble hops, and wild, airborne yeast (\"spontaneous fermentation\"). True lambics are rare; they are all brewed and fermented at one of fewer than a dozen breweries, all located in Belgium''s Senne River Valley near Brussels, a region only about 15 by 75 kilometers in size.",
  "style": "LAMBIC",
  "vintage": null,
  "brewery": "Lindemans Brewery",
  "country": "BELGIUM",
  "alcohol_content_percentage": "36.00",
  "international_bitterness_unit": null,
  "barcode": "85725108 12"
}
```', '{"name": "Lindemans Kriek", "style": "LAMBIC", "country": "BELGIUM", "vintage": null, "__typename": "beer_defaults_result", "description": "A lambic made from local barley, unmalted wheat, cherry juice, aged under noble hops, and wild, airborne yeast (\"spontaneous fermentation\"). True lambics are rare; they are all brewed and fermented at one of fewer than a dozen breweries, all located in Belgium''s Senne River Valley near Brussels, a region only about 15 by 75 kilometers in size.", "barcode_code": "85725108 12", "alcohol_content_percentage": "36.00", "international_bitterness_unit": null}', 'BEER');
INSERT INTO public.item_onboardings (id, user_id, created_at, updated_at, status, barcode, barcode_type, front_label_image_id, back_label_image_id, raw_defaults, defaults, item_type) VALUES ('0b102b47-9a1d-476d-b86e-6769b30b90cf', '760a436d-a0d5-491c-a45f-f63204ae9bc0', '2024-01-04 06:17:41.286041+00', '2024-01-04 06:17:41.286041+00', 'COMPLETED', NULL, NULL, NULL, NULL, '```json
{
  "name": "Lindemans Kriek",
  "description": "Lindemans Kriek is a classic Belgian kriek lambic, brewed with locally grown Belgian barley, unmalted wheat, cherry juice, aged Lindeman hops, and wild airborne yeast. It pours a deep red color with a fluffy white head. The aroma is fruity and tart, with notes of cherries, raspberries, and almonds. The flavor is complex and balanced, with a tartness that is offset by the sweetness of the cherries. The finish is dry and refreshing.",
  "style": "LAMBIC",
  "vintage": null,
  "brewery": "Lindemans Brewery",
  "country": "BELGIUM",
  "alcohol_content_percentage": null,
  "international_bitterness_unit": null,
  "barcode": "ANNO\n1822"
}
```', '{"name": "Lindemans Kriek", "style": "LAMBIC", "country": "BELGIUM", "vintage": null, "__typename": "beer_defaults_result", "description": "Lindemans Kriek is a classic Belgian kriek lambic, brewed with locally grown Belgian barley, unmalted wheat, cherry juice, aged Lindeman hops, and wild airborne yeast. It pours a deep red color with a fluffy white head. The aroma is fruity and tart, with notes of cherries, raspberries, and almonds. The flavor is complex and balanced, with a tartness that is offset by the sweetness of the cherries. The finish is dry and refreshing.", "barcode_code": "ANNO\n1822", "alcohol_content_percentage": null, "international_bitterness_unit": null}', 'BEER');
INSERT INTO public.item_onboardings (id, user_id, created_at, updated_at, status, barcode, barcode_type, front_label_image_id, back_label_image_id, raw_defaults, defaults, item_type) VALUES ('6e7ee57f-e202-4232-a6bb-3d24d9d8693d', '760a436d-a0d5-491c-a45f-f63204ae9bc0', '2024-01-22 02:26:46.910755+00', '2024-01-22 02:26:46.910755+00', 'COMPLETED', '859996000750', 'UPC_A', NULL, NULL, ' ```json
{
  "name": "Duvel",
  "description": "Refreshing and golden like a pilsner, but with the flavor, depth and complexity of an ale, this Belgian favorite has been brewed by four generations of the Moortgat family. Enjoy chilled with discerning friends or good-looking strangers.",
  "style": "BELGIAN_STRONG_GOLDEN_ALE",
  "vintage": null,
  "brewery": "Duvel Moortgat Brewery",
  "country": "BELGIUM",
  "alcohol_content_percentage": 8.5,
  "international_bitterness_unit": null,
  "barcode": null
}
```', '{"name": "Duvel", "country": "BELGIUM", "vintage": null, "__typename": "beer_defaults_result", "description": "Refreshing and golden like a pilsner, but with the flavor, depth and complexity of an ale, this Belgian favorite has been brewed by four generations of the Moortgat family. Enjoy chilled with discerning friends or good-looking strangers.", "barcode_code": null, "alcohol_content_percentage": 8.5, "international_bitterness_unit": null}', 'BEER');
INSERT INTO public.item_onboardings (id, user_id, created_at, updated_at, status, barcode, barcode_type, front_label_image_id, back_label_image_id, raw_defaults, defaults, item_type) VALUES ('86545148-1381-493b-8736-cfd5c3ca2978', '760a436d-a0d5-491c-a45f-f63204ae9bc0', '2024-01-22 02:28:10.588648+00', '2024-01-22 02:28:10.588648+00', 'COMPLETED', NULL, NULL, NULL, NULL, ' ```json
{
  "name": "Westmalle Trappist TRIPLE",
  "description": "A strong, golden-yellow Trappist tripel with a rich, complex flavor. It has a sweet, fruity aroma with hints of spice and a slightly bitter finish.",
  "style": "TRIPEL",
  "vintage": "2023",
  "brewery": "BROUWERIJ DER TRAPPISTEN VAN WESTMALLE",
  "country": "BELGIUM",
  "alcohol_content_percentage": 9.5,
  "international_bitterness_unit": null,
  "barcode": "25112"
}
```', '{"name": "Westmalle Trappist TRIPLE", "country": "BELGIUM", "vintage": "2023", "__typename": "beer_defaults_result", "description": "A strong, golden-yellow Trappist tripel with a rich, complex flavor. It has a sweet, fruity aroma with hints of spice and a slightly bitter finish.", "barcode_code": "25112", "alcohol_content_percentage": 9.5, "international_bitterness_unit": null}', 'BEER');
INSERT INTO public.item_onboardings (id, user_id, created_at, updated_at, status, barcode, barcode_type, front_label_image_id, back_label_image_id, raw_defaults, defaults, item_type) VALUES ('4ee60646-5525-41c0-b894-9f62d6f7eb5a', '760a436d-a0d5-491c-a45f-f63204ae9bc0', '2024-01-22 02:29:51.330752+00', '2024-01-22 02:29:51.330752+00', 'COMPLETED', '812949023459', 'UPC_A', NULL, NULL, ' ```json
{
  "name": "Chop Shop",
  "description": "CHOP SHOP 2021 Cabernet Sauvignon California. Superior Grade Cab for Prime Cuts.",
  "vintage": "2021",
  "style": "RED",
  "winery": "WINC",
  "region": "California",
  "country": "UNITED_STATES",
  "variety": "CABERNET_SAUVIGNON",
  "alcohol_content_percentage": "14.1",
  "barcode": "02345",
  "special_designation": "Superior Grade",
  "vineyard_designation": null,
  "estate_bottled": null
}
```', '{"name": "Chop Shop", "style": "RED", "region": "California", "country": "UNITED_STATES", "variety": "CABERNET_SAUVIGNON", "vintage": "2021", "__typename": "wine_defaults_result", "description": "CHOP SHOP 2021 Cabernet Sauvignon California. Superior Grade Cab for Prime Cuts.", "barcode_code": "02345", "special_designation": "Superior Grade", "vineyard_designation": null, "alcohol_content_percentage": "14.1"}', 'WINE');
INSERT INTO public.item_onboardings (id, user_id, created_at, updated_at, status, barcode, barcode_type, front_label_image_id, back_label_image_id, raw_defaults, defaults, item_type) VALUES ('d2492e00-5901-46fa-8073-7314201d72d8', '760a436d-a0d5-491c-a45f-f63204ae9bc0', '2024-01-22 02:31:59.250578+00', '2024-01-22 02:31:59.250578+00', 'COMPLETED', NULL, NULL, NULL, NULL, ' ```json
{
  "name": "Airship Colombia Passion Fruit Paradise",
  "description": "This caffeine dream is the product of a passionfruit maceration. Powerfully aromatic and fruit-centered, the tropics in a cup.",
  "tasting_notes": ["Passionfruit", "Lychee", "Lime"],
  "roast_level": null,
  "process": null,
  "species": null,
  "cultivar": null,
  "roaster": null,
  "weight": null,
  "country": "Colombia",
  "barcode": "3109"
}
```', '{"name": "Airship Colombia Passion Fruit Paradise", "country": "COLOMBIA", "process": null, "species": null, "cultivar": null, "__typename": "coffee_defaults_result", "description": "This caffeine dream is the product of a passionfruit maceration. Powerfully aromatic and fruit-centered, the tropics in a cup.", "roast_level": null, "barcode_code": "3109"}', 'COFFEE');
INSERT INTO public.item_onboardings (id, user_id, created_at, updated_at, status, barcode, barcode_type, front_label_image_id, back_label_image_id, raw_defaults, defaults, item_type) VALUES ('578ae9c3-ffec-4fbe-8311-f9a9de9bfa1e', '760a436d-a0d5-491c-a45f-f63204ae9bc0', '2024-01-22 02:41:26.944587+00', '2024-01-22 02:41:26.944587+00', 'COMPLETED', '081240050376', 'UPC_A', NULL, NULL, ' ```json
    {
      "name": "CASA NOBLE Sequita",
      "description": "CASA NOBLE Sequita is a 100% Blue Agave tequila that is crystal clear in appearance. It has a smooth, sweet flavor with hints of vanilla and caramel. It is perfect for sipping neat or on the rocks, and it also makes a great margarita.",
      "type": "TEQUILA",
      "style": "Crystal",
      "vintage": null,
      "distillery": "LA COFRADIA S.A. DE C.V.",
      "country": "MEXICO",
      "alcohol_content_percentage": 40.0,
      "barcode": "0 81240 05037 6"
    }
```', '{"name": "CASA NOBLE Sequita", "type": "TEQUILA", "style": "Crystal", "country": "MEXICO", "vintage": null, "__typename": "spirit_defaults_result", "distillery": "LA COFRADIA S.A. DE C.V.", "description": "CASA NOBLE Sequita is a 100% Blue Agave tequila that is crystal clear in appearance. It has a smooth, sweet flavor with hints of vanilla and caramel. It is perfect for sipping neat or on the rocks, and it also makes a great margarita.", "barcode_code": "0 81240 05037 6", "alcohol_content_percentage": 40}', 'SPIRIT');
INSERT INTO public.beers (id, name, created_at, updated_at, created_by_id, alcohol_content_percentage, international_bitterness_unit, description, style, vintage, barcode_code, country, item_onboarding_id) VALUES ('2be23cef-6e6f-4c1f-98a8-6654c057d843', 'Lindemans Kriek', '2024-01-04 06:18:07.54055+00', '2024-01-04 06:18:07.54055+00', '760a436d-a0d5-491c-a45f-f63204ae9bc0', NULL, NULL, 'Lindemans Kriek is a classic Belgian kriek lambic, brewed with locally grown Belgian barley, unmalted wheat, cherry juice, aged Lindeman hops, and wild airborne yeast. It pours a deep red color with a fluffy white head. The aroma is fruity and tart, with notes of cherries, raspberries, and almonds. The flavor is complex and balanced, with a tartness that is offset by the sweetness of the cherries. The finish is dry and refreshing.', 'LAMBIC', NULL, 'ANNO
1822', 'BELGIUM', '0b102b47-9a1d-476d-b86e-6769b30b90cf');
INSERT INTO public.beers (id, name, created_at, updated_at, created_by_id, alcohol_content_percentage, international_bitterness_unit, description, style, vintage, barcode_code, country, item_onboarding_id) VALUES ('c0b946d1-b222-4332-8cc0-3002adae60c5', 'Duvel', '2024-01-22 02:27:13.481752+00', '2024-01-22 02:27:13.481752+00', '760a436d-a0d5-491c-a45f-f63204ae9bc0', 8.5, NULL, 'Refreshing and golden like a pilsner, but with the flavor, depth and complexity of an ale, this Belgian favorite has been brewed by four generations of the Moortgat family. Enjoy chilled with discerning friends or good-looking strangers.', 'BLONDE_ALE', NULL, '859996000750', 'BELGIUM', '6e7ee57f-e202-4232-a6bb-3d24d9d8693d');
INSERT INTO public.beers (id, name, created_at, updated_at, created_by_id, alcohol_content_percentage, international_bitterness_unit, description, style, vintage, barcode_code, country, item_onboarding_id) VALUES ('21bc38d7-818c-486b-9d4d-882c9c1be359', 'Westmalle Trappist Triple', '2024-01-22 02:28:37.769393+00', '2024-01-22 02:28:37.769393+00', '760a436d-a0d5-491c-a45f-f63204ae9bc0', 9.5, NULL, 'A strong, golden-yellow Trappist tripel with a rich, complex flavor. It has a sweet, fruity aroma with hints of spice and a slightly bitter finish.', NULL, NULL, '', 'BELGIUM', '86545148-1381-493b-8736-cfd5c3ca2978');
INSERT INTO public.cellars (id, created_at, updated_at, name, created_by_id, privacy) VALUES ('be3bb57c-fe49-4dfa-aaad-cbbf34ab30c6', '2024-01-04 05:15:13.056404+00', '2024-01-04 05:15:13.056404+00', 'Test Cellar', '760a436d-a0d5-491c-a45f-f63204ae9bc0', 'FRIENDS');
INSERT INTO public.cellars (id, created_at, updated_at, name, created_by_id, privacy) VALUES ('19bf7556-d4d6-4910-9b30-adbe031107bf', '2024-01-22 02:47:56.511064+00', '2024-01-22 02:47:56.511064+00', 'Test Cellar 2', 'eed52e56-6451-47c8-86b5-1f318f0d3a99', 'FRIENDS');
INSERT INTO public.coffees (id, name, created_at, updated_at, created_by_id, description, roast_level, country, process, barcode_code, item_onboarding_id, species, cultivar) VALUES ('877564ed-f9ac-4edc-9353-1692eb254c14', 'Airship Colombia Passion Fruit Paradise', '2024-01-22 02:32:47.827722+00', '2024-01-22 02:32:47.827722+00', '760a436d-a0d5-491c-a45f-f63204ae9bc0', 'This caffeine dream is the product of a passionfruit maceration. Powerfully aromatic and fruit-centered, the tropics in a cup.', 'LIGHT_MEDIUM', NULL, 'WASHED', '', 'd2492e00-5901-46fa-8073-7314201d72d8', 'ARABICA', NULL);
INSERT INTO public.spirits (id, name, created_at, updated_at, created_by_id, type, vintage, description, alcohol_content_percentage, style, barcode_code, country, item_onboarding_id) VALUES ('49fa949e-5a75-4afe-81fe-fb052ee79b25', 'Casa Noble Tequita', '2024-01-22 02:42:04.467786+00', '2024-01-22 02:42:04.467786+00', '760a436d-a0d5-491c-a45f-f63204ae9bc0', 'TEQUILA', NULL, 'CASA NOBLE Tequita is a 100% Blue Agave tequila that is crystal clear in appearance. It has a smooth, sweet flavor with hints of vanilla and caramel. It is perfect for sipping neat or on the rocks, and it also makes a great margarita.', 40.0, 'Blanco', '081240050376', 'MEXICO', '578ae9c3-ffec-4fbe-8311-f9a9de9bfa1e');
INSERT INTO public.wines (id, name, created_at, updated_at, created_by_id, vintage, variety, region, winery_id, description, special_designation, vineyard_designation, alcohol_content_percentage, barcode_code, style, country, item_onboarding_id) VALUES ('2d84ca4d-bcd4-4170-9905-7fabc282e19a', 'Chop Shop', '2024-01-22 02:30:07.62927+00', '2024-01-22 02:30:07.62927+00', '760a436d-a0d5-491c-a45f-f63204ae9bc0', '2021-01-01', 'CABERNET_SAUVIGNON', 'California', NULL, 'CHOP SHOP 2021 Cabernet Sauvignon California. Superior Grade Cab for Prime Cuts.', '', NULL, 14.1, '812949023459', 'RED', 'UNITED_STATES', '4ee60646-5525-41c0-b894-9f62d6f7eb5a');
INSERT INTO public.cellar_items (id, cellar_id, created_by, wine_id, beer_id, spirit_id, open_at, empty_at, display_image_id, created_at, updated_at, percentage_remaining, coffee_id) VALUES ('381def77-18c6-4684-a7de-b4f5121d5b39', 'be3bb57c-fe49-4dfa-aaad-cbbf34ab30c6', '760a436d-a0d5-491c-a45f-f63204ae9bc0', NULL, '2be23cef-6e6f-4c1f-98a8-6654c057d843', NULL, NULL, NULL, NULL, '2024-01-04 06:18:10.116191+00', '2024-01-04 06:18:10.116191+00', 100, NULL);
INSERT INTO public.cellar_items (id, cellar_id, created_by, wine_id, beer_id, spirit_id, open_at, empty_at, display_image_id, created_at, updated_at, percentage_remaining, coffee_id) VALUES ('b7fc2f1c-bab4-4d0d-b94e-31f7e52fe8a3', 'be3bb57c-fe49-4dfa-aaad-cbbf34ab30c6', '760a436d-a0d5-491c-a45f-f63204ae9bc0', NULL, 'c0b946d1-b222-4332-8cc0-3002adae60c5', NULL, NULL, NULL, NULL, '2024-01-22 02:27:16.819162+00', '2024-01-22 02:27:16.819162+00', 100, NULL);
INSERT INTO public.cellar_items (id, cellar_id, created_by, wine_id, beer_id, spirit_id, open_at, empty_at, display_image_id, created_at, updated_at, percentage_remaining, coffee_id) VALUES ('e5ab8909-9b71-4c9b-8d99-d419b37bf94a', 'be3bb57c-fe49-4dfa-aaad-cbbf34ab30c6', '760a436d-a0d5-491c-a45f-f63204ae9bc0', NULL, '21bc38d7-818c-486b-9d4d-882c9c1be359', NULL, NULL, NULL, NULL, '2024-01-22 02:28:40.898371+00', '2024-01-22 02:28:40.898371+00', 100, NULL);
INSERT INTO public.cellar_items (id, cellar_id, created_by, wine_id, beer_id, spirit_id, open_at, empty_at, display_image_id, created_at, updated_at, percentage_remaining, coffee_id) VALUES ('f923befc-5a7d-49e2-9793-bebb34b70754', 'be3bb57c-fe49-4dfa-aaad-cbbf34ab30c6', '760a436d-a0d5-491c-a45f-f63204ae9bc0', '2d84ca4d-bcd4-4170-9905-7fabc282e19a', NULL, NULL, NULL, NULL, NULL, '2024-01-22 02:30:10.355343+00', '2024-01-22 02:30:10.355343+00', 100, NULL);
INSERT INTO public.cellar_items (id, cellar_id, created_by, wine_id, beer_id, spirit_id, open_at, empty_at, display_image_id, created_at, updated_at, percentage_remaining, coffee_id) VALUES ('e33b3efd-9c08-46b6-a288-6c23353efb31', 'be3bb57c-fe49-4dfa-aaad-cbbf34ab30c6', '760a436d-a0d5-491c-a45f-f63204ae9bc0', NULL, NULL, NULL, NULL, NULL, NULL, '2024-01-22 02:32:50.338191+00', '2024-01-22 02:32:50.338191+00', 100, '877564ed-f9ac-4edc-9353-1692eb254c14');
INSERT INTO public.cellar_items (id, cellar_id, created_by, wine_id, beer_id, spirit_id, open_at, empty_at, display_image_id, created_at, updated_at, percentage_remaining, coffee_id) VALUES ('a5654097-acf8-48e6-8aa5-2554b042cf17', 'be3bb57c-fe49-4dfa-aaad-cbbf34ab30c6', '760a436d-a0d5-491c-a45f-f63204ae9bc0', NULL, NULL, '49fa949e-5a75-4afe-81fe-fb052ee79b25', NULL, NULL, NULL, '2024-01-22 02:42:06.853357+00', '2024-01-22 02:42:06.853357+00', 100, NULL);
INSERT INTO public.cellar_items (id, cellar_id, created_by, wine_id, beer_id, spirit_id, open_at, empty_at, display_image_id, created_at, updated_at, percentage_remaining, coffee_id) VALUES ('a57579dc-d80c-4d18-9074-4844e336a751', '19bf7556-d4d6-4910-9b30-adbe031107bf', 'eed52e56-6451-47c8-86b5-1f318f0d3a99', NULL, 'c0b946d1-b222-4332-8cc0-3002adae60c5', NULL, NULL, NULL, NULL, '2024-01-22 02:48:20.737333+00', '2024-01-22 02:48:20.737333+00', 100, NULL);
INSERT INTO public.cellar_owners (user_id, cellar_id, created_at, updated_at) VALUES ('760a436d-a0d5-491c-a45f-f63204ae9bc0', '19bf7556-d4d6-4910-9b30-adbe031107bf', '2024-01-22 02:47:56.511064+00', '2024-01-22 02:47:56.511064+00');
INSERT INTO public.friends (user_id, friend_id, created_at, updated_at) VALUES ('eed52e56-6451-47c8-86b5-1f318f0d3a99', '760a436d-a0d5-491c-a45f-f63204ae9bc0', '2024-01-22 02:47:22.33726+00', '2024-01-22 02:47:22.33726+00');
INSERT INTO public.friends (user_id, friend_id, created_at, updated_at) VALUES ('760a436d-a0d5-491c-a45f-f63204ae9bc0', 'eed52e56-6451-47c8-86b5-1f318f0d3a99', '2024-01-22 02:47:22.33726+00', '2024-01-22 02:47:22.33726+00');
INSERT INTO public.item_reviews (id, created_at, updated_at, score, text, beer_id, wine_id, spirit_id, user_id, coffee_id) VALUES ('46bfc52b-25a3-474e-90a6-67e32c98adb6', '2024-01-20 19:18:09.918165+00', '2024-01-20 19:18:09.918165+00', 4.5, NULL, '2be23cef-6e6f-4c1f-98a8-6654c057d843', NULL, NULL, '760a436d-a0d5-491c-a45f-f63204ae9bc0', NULL);
INSERT INTO public.item_reviews (id, created_at, updated_at, score, text, beer_id, wine_id, spirit_id, user_id, coffee_id) VALUES ('3a54bebc-9908-4da7-9846-3a506bded3be', '2024-01-22 02:55:51.021354+00', '2024-01-22 02:55:51.021354+00', 3, '"{\"root\":{\"children\":[{\"children\":[{\"detail\":0,\"format\":0,\"mode\":\"normal\",\"style\":\"\",\"text\":\"Great\",\"type\":\"text\",\"version\":1}],\"direction\":\"ltr\",\"format\":\"\",\"indent\":0,\"type\":\"paragraph\",\"version\":1}],\"direction\":\"ltr\",\"format\":\"\",\"indent\":0,\"type\":\"root\",\"version\":1}}"', '2be23cef-6e6f-4c1f-98a8-6654c057d843', NULL, NULL, 'eed52e56-6451-47c8-86b5-1f318f0d3a99', NULL);
INSERT INTO public.item_reviews (id, created_at, updated_at, score, text, beer_id, wine_id, spirit_id, user_id, coffee_id) VALUES ('d3e5e9c3-6e4f-403a-9e49-784e341e4a48', '2024-01-22 02:56:00.731886+00', '2024-01-22 02:56:00.731886+00', 4.5, NULL, '21bc38d7-818c-486b-9d4d-882c9c1be359', NULL, NULL, 'eed52e56-6451-47c8-86b5-1f318f0d3a99', NULL);
INSERT INTO public.item_vectors (id, vector, beer_id, wine_id, spirit_id, created_at, coffee_id) VALUES (1, '[0.009056206,-0.03954225,-0.05615232,-0.014821831,0.014205657,-0.0005547863,0.011852881,-0.001409061,0.06377061,0.0478567,0.02187672,0.0037202411,-0.009109677,-0.0120303705,0.009445922,-0.03668194,0.036216114,0.026309608,0.042651124,-0.028037567,-0.027481379,0.029768288,0.032743655,0.0064317626,0.046995908,-0.00960366,-0.00383328,-0.033547055,-0.046962347,0.063626006,-0.06297917,0.0055942633,-0.034876484,0.007483828,-0.037344534,-0.020586638,0.041473374,0.04840724,-0.00864225,0.044380073,0.032103945,-0.05183268,-0.049130023,-0.04770658,0.0036232313,-0.03523912,-0.0037670902,0.030889427,-0.00893456,-0.013170495,-0.000988957,-0.043440267,-0.02895029,-0.05920082,-0.03371421,-0.052840807,0.037338533,-0.028270395,-0.034580287,-0.04533864,0.040830255,-0.0038661533,0.006900541,0.016357388,-0.026417652,0.0048723426,-0.03010294,-0.016031427,0.07796285,-0.016797448,0.016569547,-0.016898451,0.0029260884,0.031253487,-0.0015342167,-0.056409076,-0.026360838,0.015626991,0.020733995,-0.0032929857,0.010889531,-0.04009288,-0.050521445,0.0050270404,-0.061758243,0.041621782,-0.026346244,0.028080791,0.040199295,0.060267363,-0.039647214,0.009571463,0.003169526,-0.06166606,0.0059944536,-0.008774025,-0.0057958807,-0.038656686,0.055582706,-0.005814059,0.057982646,-0.0416563,-0.03705206,0.01534749,0.049544103,0.045766532,0.06907498,0.055116095,-0.010761348,0.006657378,-0.035952043,-0.02947055,-0.007759461,-0.009749397,0.036523685,0.0073311334,-0.00063486147,0.07988931,-0.011332358,0.055317316,0.033170845,0.0066939914,-0.026958393,0.021035803,0.01910352,-0.0006322424,0.041015364,0.015442295,0.058865286,0.019915516,-0.01950783,-0.020094715,0.019970076,0.0126962885,0.018539907,0.045296583,0.04834371,-0.0014791004,0.07498705,0.041648388,-0.009305987,-0.006371409,-0.043791864,0.028641954,-0.008862688,0.002764937,0.07097426,-0.058906928,0.055102527,-0.0021106831,0.011634367,0.013263291,-0.071295016,0.04188206,0.0062839896,0.053882074,-0.013869068,-0.01599747,-0.027424082,0.023586368,0.020138444,-0.00023701706,0.010407358,0.0071449373,0.0008488581,-0.0057758037,0.009299558,-0.0110372575,0.005446233,-0.0013590328,-0.079199165,0.051369272,-0.0128180925,-0.025100403,0.009592366,-0.0036120538,0.049176514,0.0049065733,-0.029554754,-0.0030427396,0.025581444,-0.0029820865,0.009810672,0.026270138,0.043117225,-0.024026968,0.085295305,-0.025228614,-0.024284596,-0.0070245555,0.028897732,-0.014717338,-0.023216581,-0.025451994,0.027830876,0.03122281,0.03581624,0.027269227,0.016358087,-0.0075872233,0.015374213,0.10316387,-0.02973353,0.012686157,0.027006108,-0.052786596,0.020103365,-0.030949304,-0.009100169,0.019005477,-0.10096626,0.019200377,-0.013532482,-0.013576506,0.06787048,0.03794107,0.023212114,-0.03539069,-0.012048006,-0.04799916,-0.03383335,-0.04283467,-0.01615153,0.059554413,0.033920094,0.06915807,-0.016131002,0.058732964,-0.0028286125,-0.03725008,0.022802511,0.048348673,0.019756334,-0.011320442,0.06255103,0.005016977,-0.0059437337,0.007762514,-0.015569531,-0.00413371,-0.06176189,0.064549506,0.03333763,0.029631305,-0.07739196,-0.018023191,0.005538701,0.016827969,-0.03180203,0.004366498,-0.0044853953,-0.06903812,0.015112787,0.023512734,-0.0395557,0.04332101,-0.05529463,0.033925254,-0.007286775,-0.014006501,0.003696044,-0.044492513,-0.005134007,-0.003856643,-0.0061181267,-0.01459561,-0.0058583315,-0.04219178,-0.018774057,0.011598403,0.009979271,0.034988116,0.07461263,0.02826569,-0.03507763,0.03562762,0.002016792,-0.015478266,0.009728328,-0.015694797,2.14556e-05,0.022165863,0.03630479,-0.014004683,-0.008103818,-0.014336627,-0.051898114,-0.009835767,-0.002604256,-0.0042413953,-0.0026658531,-0.10258256,-0.015249176,-0.04174209,-0.07312316,-0.053793825,-0.021378154,0.03798328,-0.023511063,-0.011539235,-0.027198361,-0.031877857,-0.016866941,-0.022965023,-0.04006719,0.024748515,-0.0038391699,-0.010194424,0.013806354,0.031959377,-0.011689369,0.03960482,0.0020934702,-0.011386371,0.053835597,-0.015160111,-0.03630149,0.050776064,-0.025127444,0.014490713,-0.013104391,0.020361008,0.05497476,-0.036765438,0.02830031,-0.045213204,-0.06818017,0.081298366,0.0025138222,-0.0013659239,0.02040133,-0.01905278,-0.00761029,0.034368113,0.005219712,0.059205033,-0.06848064,-0.019778667,-0.043236155,0.021099314,0.07105533,-0.008729842,-0.00060657575,-0.05095059,-0.02210007,-0.027406177,0.0042365016,0.01959158,0.07502766,-0.02345245,0.03333895,0.05340827,-0.07422536,0.008079851,0.0023311605,0.016581645,0.06620512,-0.022047924,-0.020540034,-0.0018135913,-0.07629928,0.046876125,-0.014924676,-0.011492348,-0.012364008,0.018951211,-0.000484754,0.014460626,0.002343318,0.005847784,0.056221608,-0.07695454,0.051132288,-0.03362231,-0.008940395,-0.010403241,-0.017700711,-0.002684004,-0.004505661,0.0063001104,0.04148301,-0.0025901492,-0.0147606535,0.02666158,-0.010622384,-0.030419806,0.0138827795,0.004027682,-0.0040715486,0.032377828,0.0072521344,0.018695688,0.05479892,-0.016989427,0.0027705221,0.0007416389,0.019059805,-0.043868564,0.0043653864,-0.025007993,0.017765649,0.005352321,-0.036786936,-0.06907572,-0.007356688,-0.017490359,-0.02402544,0.0015494543,-0.020779468,-0.031363003,0.0017082654,0.008974827,-0.021946821,-0.05566925,-0.049984016,-0.030968882,0.082736924,-0.016158901,-0.025739936,0.09505329,-0.052985035,-0.03368224,-0.006846327,0.01903632,0.026065478,-0.06364301,0.023296664,-0.011806091,-0.017241754,0.0128555335,-0.0011616725,0.069137424,0.0094280355,-0.015027357,-0.008730108,-0.0245469,-0.005390295,0.023449972,0.011149129,0.012378244,0.018753367,-0.01620813,0.013945544,-0.023640556,-0.03140323,-0.0068170764,0.0010196589,-0.038350582,0.040553108,-0.10979604,0.030403566,-0.11502331,-0.0014747978,-0.021090701,-0.053289305,-0.068072766,0.01024019,0.03336804,-0.0076353014,-0.022504654,0.009799949,-0.0612379,0.024133688,-0.045515575,0.020747704,-0.0069687446,0.046146233,-0.017534515,0.03647699,0.016927192,0.0077064177,-0.07204185,-0.009101955,-0.008057229,0.0149228405,0.041701835,-0.0062095984,0.038581993,0.036216337,-0.0017628572,0.019888692,-0.020112587,0.088324614,-0.040833328,-0.019772656,-0.0083376905,-0.0098456405,-0.0019359158,0.013258361,0.054616634,-0.0009224202,-0.06386656,-0.038325768,-0.04284278,-0.05144783,0.032375492,-0.007372012,0.024345674,0.002319524,-0.033826806,-0.010208018,0.0050168615,0.026388591,-0.049098562,0.016355453,-0.042759538,-0.0027327687,0.007964618,-0.0118787,-0.019629475,-0.012890773,0.0073916633,-0.016281592,-0.020164192,0.016370721,0.0058208057,-0.002040643,0.028841922,0.021681532,0.035366558,0.037247606,-0.03986445,-0.04494191,-0.029203154,0.035293646,-0.060877442,0.01533378,0.03876021,-0.03580577,0.032582965,0.0101437485,0.038141336,-0.06136622,0.00186499,0.038230836,0.018166363,0.017122943,0.012770269,0.035961155,0.01059934,0.03029267,0.0030474283,0.0026308778,0.012038695,-0.0004750582,0.016436972,-0.0048576547,-0.08047619,0.011434208,0.01143584,-0.038912024,-0.027887503,0.012937077,-0.034163725,0.05772402,-0.03933368,-0.06945278,0.0038023617,0.04248535,-0.030178973,-0.044879645,0.0076603773,0.023932729,0.031076819,0.1062783,0.080047764,-0.047985736,-0.050705332,0.05074004,-0.0054524397,0.009934043,-0.037097976,0.03653589,0.033274457,0.06721859,-0.019213809,-0.024713812,-0.007125216,0.027230741,-0.025850283,-0.019208435,0.015768908,-0.038921595,0.05144495,-0.048872843,0.024445513,0.033710394,0.0016205017,0.030112792,-0.0069031334,-0.038447067,0.04677349,-0.088008076,-0.02801189,-0.041070085,0.05605581,0.07382401,0.043954108,-0.023625841,-0.0036265035,0.014528115,-0.01507832,0.032324772,-0.044256818,0.0062825265,-0.003215887,-0.026144024,0.005548861,-0.0035886657,-0.00862044,-0.027751245,-0.016347082,-0.012093537,-0.07960822,-0.06845385,-0.021893367,0.048584085,-0.018295748,-0.0017258809,-0.04014058,-0.021079022,0.0148703735,0.040396318,-0.02947685,0.06333748,0.0417912,0.011692071,-0.03428027,0.018891772,0.06662767,0.034306068,0.042184383,-0.008062313,0.013307427,-0.064943396,0.018147485,-0.0036706324,-0.027926544,0.04823966,-0.02293971,-0.044893146,-0.013277665,0.07662544,-0.033544384,0.001851466,0.043361705,0.0014732747,-0.065136835,-0.08093818,-0.0214681,0.017848602,-0.0031687187,0.003553795,0.0060431487,0.042642854,-0.0044430248,-0.09440322,-0.05285057,0.052839853,0.031638008,-0.054995608,0.02099895,-0.040662855,-0.050871916,0.010614187,-0.042392574,-0.06828296,-0.061530918,0.0117009,-0.022784492,-0.040458027,0.07539122,0.022879636,-0.033929706,0.027517263,0.021574095,-0.04170879,0.021812098,-0.009828039,0.028028112,0.00895669,-0.043374322,-0.037691202,0.03491163,0.030893315,0.02001838,-0.027118882,0.011979388,-0.029522695,-0.009056896,0.033481937,-0.0029684568,-0.03483319,-0.0121558895,0.037869144,0.042311385,-0.03715338,-0.0711863,0.0054988903,0.047385044,-0.039598048,-0.025454199,-0.006863612,-0.014729366,-0.008433831,0.02836516,0.006060698,-0.045446396,0.023901656,0.03570859,0.025552748,-0.023478234,-0.041271992,0.018380044,-0.019155405,0.032472774,0.036454014,-0.012797343,-0.06639196,0.025022259,0.026779076,-0.00076170894,0.0644233,-0.051813554,-0.029987965,0.0555085,-0.024099896,-0.047771305,-0.015071473,-0.009410653,0.077316135,-0.0021603648,-0.005306798,0.06697074,0.015761815,0.07789546,0.03984507,-0.03357527,0.011211331,-0.06519191,-0.011568796,0.03303402,0.03774563,0.037784845,0.051854793,-0.06918737,0.03985606,0.0014231927,-0.050168764,0.030873427,-0.037779145,0.03362406,-0.0018491823,0.036858648,0.029723192,-0.08335207,-0.047427014,-0.025271123,-0.0070436914,0.029501464,-0.07447996,0.031109577,0.006692663,0.07156272,0.044421513,-0.042617053,-0.029484553,0.047389634]', '2be23cef-6e6f-4c1f-98a8-6654c057d843', NULL, NULL, '2024-01-04 06:18:08.385097+00', NULL);
INSERT INTO public.item_vectors (id, vector, beer_id, wine_id, spirit_id, created_at, coffee_id) VALUES (34, '[0.045302868,-0.043546904,-0.054841064,-0.026422221,0.033477277,0.0120093245,0.036410205,0.0055229818,0.028610596,0.05552299,-0.032593288,0.0097378,-0.031358033,0.01325303,-8.7440945e-05,0.008243613,-0.013448717,0.05011528,-0.013988597,-0.039916895,-0.017565092,-0.016307384,0.003148924,0.0563671,-0.0011167615,-0.04484644,0.014044078,-0.0949365,-0.009245011,0.028539917,-0.077641025,0.035223026,-0.02161323,-0.010531115,0.014598234,-0.061453126,0.032246273,0.032287415,0.0203434,0.061662488,0.023876147,-0.029511755,0.0018966995,-0.07000357,0.017295377,-0.025480984,-0.00091126777,0.02245445,-0.038117174,-0.0021278183,-0.008712738,-0.008454151,0.029782884,-0.01885764,-0.061974857,-0.0510163,0.012390816,-0.008405158,-0.04813702,-0.030334426,0.0046938774,0.013903022,0.046119634,-0.017363809,-0.002001656,-0.01340778,-0.049326465,0.010248288,0.0564386,0.017282596,-0.008289996,-0.049469773,0.036754772,0.012398831,-0.023363277,-0.027462225,-0.04043395,0.055286925,0.03352214,-0.00202084,-0.034604672,-0.09442753,-0.034576498,-0.016057588,-0.03104555,0.04591583,-0.01970223,0.011370815,0.027112994,0.06236778,-0.04037256,-0.008011787,-7.636642e-05,-0.044150464,-0.014578507,0.024313133,0.0022218348,0.00078066526,-0.003040194,-0.019506378,0.046745867,-0.044982746,-0.016463062,0.004391219,-0.0380735,0.025988527,0.00022981263,0.029511595,-0.011809218,0.048615526,-0.027057309,0.014329079,-0.0028148966,-0.027153177,0.005717852,0.032252487,0.0060752565,0.09872177,0.009826888,0.059751626,0.038941815,-0.039251532,-0.018059125,-0.009214309,0.023427583,0.012813487,0.029116001,0.0515997,0.07124485,-0.0006368135,-0.0011031133,-0.081829846,0.050587896,-0.010180969,0.047469523,0.07164278,0.008468832,0.06406615,0.057463333,0.054727644,-0.022475747,0.025219766,-0.04448642,0.0070033316,0.005456921,0.0657011,0.03632494,-0.06807346,0.05567321,-0.008901366,-0.008546103,0.02708793,-0.084013775,0.021829985,0.02061945,0.06965781,0.020333318,-0.039039437,0.014986808,0.02045918,0.035292346,-0.0010522793,0.015433273,-0.0055818562,0.01713594,0.0048809997,0.026619554,-0.05938632,0.008675042,-8.6298176e-05,-0.07540812,0.015178921,-0.0049585677,-0.04491132,0.007082088,-0.05702881,0.020098435,-0.029447606,-0.018092098,-0.0036754648,-0.03840898,-0.01729294,-0.012814812,0.019480597,0.009906187,0.03702605,0.060081884,-0.051751878,-0.022764992,-0.0017880494,0.005392966,0.017428849,-0.010047789,-0.0084900055,0.017374277,0.0048989407,0.0023148856,0.017761143,0.096114196,-0.013678284,-0.0117675355,0.08060507,-0.016905183,0.024338422,0.02615535,0.011089995,0.059690077,-0.056957133,0.0050431676,-0.0063393717,-0.081751175,-0.016521053,-0.011594677,0.027359292,0.059235632,0.028589223,0.02907477,-0.025362695,-0.021897988,-0.006974455,-0.061739087,-0.019164586,-0.0002177394,0.0023789296,0.02066776,0.044460345,-0.018891115,0.031429984,-0.05627989,-0.06430268,-0.00771838,0.04717745,0.041779622,-0.0012500273,0.008758263,0.06614889,-0.019428357,-0.0021083816,-0.03305379,0.01770328,-0.048866704,0.06998927,0.0040009683,0.0225986,-0.008656985,-0.004127889,-0.0032808834,0.005984055,-0.0031015023,0.054659992,-0.014341058,-0.032131936,0.043203853,0.0105833495,-0.03940105,0.021787653,-0.10472928,0.013481007,0.021645412,0.0049042674,0.033303622,-0.019850414,-0.04584069,-0.0019103893,-0.039447077,0.002002166,-0.0033793559,-0.021959485,-0.027854498,0.046638712,0.013112638,0.0065946262,0.09545891,0.017236935,0.019521035,0.0781692,-0.036105394,0.018516768,0.03368799,-0.036151327,0.023279471,-0.019471034,0.006087588,0.0024066719,-0.022432847,0.008042915,-0.059211835,-0.037468296,-0.0033735202,-0.013382374,-0.04066035,-0.03210519,0.0019305991,-0.04571832,-0.066724755,-0.06393973,-0.05124948,0.043998774,-0.002109066,-0.022067828,-0.004933336,-0.009056224,-0.031616267,-0.05336784,-0.008442618,0.015067361,0.005648863,-0.0130208405,0.03868382,0.03636145,-0.025377907,0.03638757,-0.02433144,0.031531956,0.048975103,0.02059306,-0.002776196,0.050547183,-0.009379866,0.036621258,0.012514654,0.04518691,0.007884056,-0.05029258,0.02975043,-0.0006419844,-0.03126088,0.07660963,0.015236297,-0.01107313,0.0052565853,-0.01763478,-0.021155808,0.037214078,0.034884363,0.029954964,-0.056426786,0.013404296,-0.04899225,0.010683757,0.07386972,-0.021986036,-0.009822006,-0.026409138,-0.043382067,0.025700813,-0.01702738,0.031146739,0.10615244,0.0011778306,0.0089917295,-0.012782184,-0.04350544,-0.0035655333,0.046423595,0.02236411,0.05355018,-0.020550663,-0.032128282,-0.056047495,-0.061428703,0.036341798,0.0036580714,-0.038829654,0.0077599483,0.03443169,0.031006921,0.014828594,0.017801883,-0.021802204,0.03912696,-0.009428162,0.024958622,0.016259903,0.020916585,-0.035971414,-0.037556224,-0.0016843554,0.016650075,0.018371385,0.0017268804,-0.013454479,-0.00480723,-0.005353581,-0.020729411,0.0020179125,0.013687787,0.037948113,0.011461389,-1.7796116e-06,-0.007300319,-0.0073131653,0.09037633,0.019884354,-0.001126626,-0.030399777,-0.0013850374,-0.04367897,0.042240247,-0.01774958,0.0061290804,0.018618146,-0.032012984,-0.040627625,-0.015054249,-0.02470873,-0.062358048,0.010913488,-0.0037424208,-0.02566333,0.015643734,0.018082526,0.008994754,-0.02621462,-0.039880127,-0.07425858,0.014471045,-0.02357467,-0.005558386,0.0894955,-0.06516781,-0.027930351,-0.049119778,0.016456911,0.0418327,-0.0773254,-0.018501604,-0.03214808,-0.007952364,-0.024296096,0.006892896,0.022951663,-0.0050309575,0.010803226,-0.034485787,-0.059012413,-0.013968821,0.014823201,0.0057866117,0.027309885,-0.0038730255,-0.014167857,0.027205737,-0.0031572117,-0.018114673,-0.01633251,0.0005493684,-0.054478977,0.029933687,-0.08773813,0.0091239,-0.13382517,-0.039121192,-0.023560632,-0.04718808,-0.05971956,0.019841367,0.07453369,-0.030728737,-0.014053673,0.0020576464,-0.022308532,-0.008736903,-0.0873996,0.05415426,0.008089848,0.0758523,-0.014486344,0.0044453223,0.05894894,0.00073870743,-0.09972448,-0.010585409,0.004639021,0.03399317,0.037812334,-0.05739534,0.032818224,-0.0059925183,-0.03755594,0.05070789,-0.043672424,0.06333133,-0.000739141,-0.020249665,0.012709564,-0.030216198,0.008359905,-0.026916113,0.025342954,-0.025145259,-0.03233641,-0.042830776,0.0056200093,-0.032121953,0.02342731,0.0044957716,-0.011114597,0.025675176,-0.033029452,0.0127695445,0.020693433,0.038710784,-0.04609171,0.05256622,-0.008933966,-0.017538011,0.04554292,0.0019563835,-0.025961058,0.020699741,-0.018973202,-0.03377081,-0.017579434,0.009476874,-0.006719759,0.01768217,0.056910057,0.0031684025,0.007143596,0.0139125185,-0.03441315,-0.083640784,0.016218891,0.04872398,-0.07513798,-0.0066829384,0.07662986,-0.01803708,0.0453318,-0.026528386,0.045758758,-0.04834802,0.02139527,0.01421363,-0.009983241,-0.00022574159,0.016599441,0.037450336,-0.02724837,0.039091565,-0.018545715,0.02825118,0.039110076,-0.018799845,0.021448106,0.018315883,-0.05929698,-0.013146736,0.012327617,0.028596543,-0.04316585,0.015519452,-0.03203936,0.026950484,-0.009881952,-0.04322639,0.036109712,-0.0044584814,2.5668793e-05,0.00068256434,0.0012762318,0.05314674,0.021838833,0.07043422,0.031218976,-0.043619428,-0.036442187,0.041748997,0.0017118873,-0.0045904946,0.012471947,-0.01335396,0.0071192384,0.07688891,-0.015143546,-0.024305632,-0.0033738173,0.025002003,-0.019677754,0.01799912,0.017288093,-0.025488373,-0.017901117,0.0018495528,0.0039967913,0.059274126,-0.00015030324,0.08429362,0.0024281356,0.007405736,0.056317892,-0.053856954,-0.010455338,-0.033160523,0.049717832,0.046496853,-0.0102047445,0.0033688284,-0.03306846,0.007864403,-0.042635202,0.018965237,-0.02542276,0.036318664,0.03225416,-0.00025860503,0.03780272,0.0024461434,0.010951799,0.006734233,-0.0021681688,0.014617712,-0.058864344,-0.045232467,-0.0022325602,0.053457778,-0.00070097856,-0.01274052,-0.056763828,-0.049295176,0.031583853,-0.021229267,0.005985297,0.045885164,0.03668013,0.0036675623,-0.024548076,0.036189023,0.036928885,-0.0025335117,0.049261585,0.005785799,0.026049446,-0.02322206,0.031405203,-0.017675208,-0.0150125455,0.03514232,-0.043687895,-0.0943866,0.019700948,0.07986781,-0.0026582456,-0.020224102,0.040999316,0.04362174,-0.086523876,-0.083798595,-0.011311062,0.045996983,-0.018335244,-0.0012545323,-0.0102288965,0.019551223,-0.053410314,-0.054097764,-0.038747963,0.007682161,0.014664392,-0.04180744,0.0024037506,-0.04763956,-0.024911268,0.0140791,-0.028707886,-0.08867881,-0.034303535,0.004088935,-0.011891538,-0.06684618,0.0733278,0.037501648,-0.054497723,0.0452405,0.05900237,-0.05398845,0.024538977,0.017383644,0.055762514,-0.0050014406,-0.050839674,0.011023828,-0.009903636,-0.021532848,0.038172886,-0.03435833,0.0017411478,-0.024807885,-0.044726826,0.00021100881,0.0020925608,-0.063574694,-0.013031398,0.025025537,0.033292048,0.0114653,-0.0773928,0.007061408,0.042580333,0.020778516,-0.03351556,-0.014953807,0.027763342,0.030196158,0.034080114,0.032890186,-0.015118732,0.020561188,0.029072523,0.03443755,-0.038372826,-0.027035018,0.04578775,0.030899331,0.008573031,0.0049044807,-0.009516818,-0.0365681,0.038262755,-0.0059694867,0.006556061,0.054224264,-0.046691798,0.0169067,0.06525034,-0.01839114,0.043003183,-0.049001083,0.013816498,0.06948247,0.0044398494,-0.01204439,0.029929327,-0.028205073,0.11058469,0.029013878,-0.01766408,-0.003124083,-0.060519014,0.007633081,0.019122312,0.013089098,0.002513036,0.043869574,-0.023464365,0.0011612611,0.006576508,-0.004307452,0.060878575,0.004592514,0.018348454,-0.016915044,0.047738817,0.062404938,-0.028203098,-0.031371128,-0.04108146,0.0052754064,0.057542633,-0.043276925,0.016012253,-0.028803091,0.05043726,0.029667834,0.0005445071,-0.025046349,0.014428867]', 'c0b946d1-b222-4332-8cc0-3002adae60c5', NULL, NULL, '2024-01-22 02:27:14.448442+00', NULL);
INSERT INTO public.item_vectors (id, vector, beer_id, wine_id, spirit_id, created_at, coffee_id) VALUES (35, '[0.015179289,-0.07198093,-0.065599546,-0.0071501937,0.037209485,0.0041924003,0.033934142,-0.030287657,0.039153155,0.03791512,-0.034796994,0.0048947968,-0.0036553086,0.0012348471,0.029808648,-0.03778318,-0.03147338,0.055930708,0.0070018834,0.0021085483,0.0052704085,0.04157658,0.04939471,0.041200347,0.019211464,-0.051370732,-0.006966594,-0.045482118,-0.007808915,0.0063946894,-0.06838871,0.041512005,-0.04049149,-0.004696801,-0.0048041306,-0.028769676,0.029282618,0.09505479,-0.040645983,0.009444974,0.044709366,-0.012662099,-0.021832647,-0.03560377,0.0017793038,-0.006587687,0.009725836,-0.010558431,-0.05173381,-0.015249115,-0.02269429,-0.0458743,0.023377862,-0.025589501,-0.02303109,-0.038751133,0.013575834,-0.015471219,-0.0045482083,-0.017315462,0.018176677,0.004363414,0.038947772,0.016402807,0.0028581375,-0.0061964607,-0.03832356,0.0072156177,0.0022768702,0.016525926,-0.024584604,-0.07485537,0.06064259,0.030302707,-0.0139071,-0.058900863,-0.019748604,0.030004818,0.0117402775,-0.008879727,0.011756827,-0.04304463,-0.1024631,-0.02741695,-0.05053293,0.027435094,-0.04895446,-0.0008846933,0.040848527,0.094669156,-0.04492608,-0.015982985,0.01715557,-0.057041142,-0.008734652,-0.0024018586,0.0013007817,0.0118402345,0.023491694,-0.021873008,0.005353493,-0.05138512,-0.045307666,-0.022500787,-0.012080074,0.041401133,0.032086518,0.09314406,-0.00945448,-0.009227899,-0.006271391,0.01847736,0.021854363,-0.019107748,0.05048746,0.021548135,-0.00045674908,0.06859407,0.0027367033,0.1135883,0.042277433,-0.011125712,-0.03317643,-0.010032448,0.009121304,-0.0012154006,0.050079133,0.021628648,0.08053641,-0.014942412,-0.010762806,-0.0632003,0.046786778,-0.015160029,0.06258283,0.03248669,0.023643209,0.03721393,0.073578276,0.04425365,0.02323454,0.014343756,-0.042744435,0.028040063,0.0030732441,0.05304699,0.059138916,-0.07211447,0.053782903,0.019396456,-0.026985552,0.022819526,-0.0690876,0.049500477,0.0005628166,0.05829069,0.033231158,-0.054687347,-0.0059220986,0.047216184,0.07136203,0.017095521,0.032440774,0.014190626,-0.035024498,0.04078138,0.040168453,-0.031697463,-0.0070262677,0.009544113,-0.052039277,0.007370685,-0.010373795,-0.012547666,-0.02490456,-0.012024921,0.046239156,-0.011913728,-0.025444785,-0.053397797,0.0011815135,-0.007831402,-0.016958557,0.038709357,0.0054897503,-0.0009165959,0.048503865,-0.031061988,-0.020070998,-0.019237423,-0.0046932483,0.017337678,-0.035783086,-0.021057013,-0.0035964048,-0.017365955,-0.01728595,0.03100844,0.028860047,-0.015195328,0.0045839273,0.0943701,-0.03146387,0.0468649,0.024099518,0.011998421,0.043560732,-0.046564497,0.014464779,-0.009330721,-0.035110842,-0.019092858,-0.05939189,0.029414713,0.071925886,0.037585013,0.070340246,0.0097627295,-0.059216414,-0.055494145,0.017875563,0.014224792,-0.0057177483,0.016579386,0.011939072,0.04046074,-0.041870575,0.03407852,-0.008431402,-0.06463501,0.021457765,0.07042048,-0.002584939,-0.021933142,0.03360831,-0.001850333,-0.009478637,0.038047876,-0.022745907,-0.00830493,-0.041960314,0.084728256,0.036113396,0.04089642,-0.030524677,-0.018620368,0.034245394,-0.0107607,-0.018575633,0.027729163,-0.04625041,-0.050434366,0.03635681,0.003945722,-0.05850571,0.034695793,-0.044729337,0.019348208,-0.011519185,-0.031836595,0.04907794,-0.0018767583,-0.007992418,-0.01182396,0.010030806,-0.019987764,-0.03516835,-0.027688777,0.0010837801,0.0050381976,0.009079572,-0.016501565,0.068988465,0.017976765,-0.024137244,0.08305668,0.013801588,0.030533489,0.035965063,-0.06709068,0.062469076,0.014538121,0.040761102,-0.027981764,-0.017517634,-0.01781163,-0.04852603,-0.01628741,-0.030245084,-0.033650566,-0.05287843,-0.055387244,-0.012751545,-0.03959163,-0.030768173,-0.029957524,-0.055803508,0.052931827,-0.038543142,-0.04717323,-0.054791797,-0.03959052,-0.017917013,-0.023220457,-0.0009531411,0.027654428,0.0033651104,-0.010515859,-0.006999341,0.004556064,-0.010961086,0.028826637,-0.027643524,0.014228111,0.06408838,0.040035617,-0.011716382,0.027233424,0.016995095,0.0011162076,-0.02004028,0.03199891,0.028470904,-0.058695078,0.033163052,-0.03476822,-0.015444861,0.06953702,0.010410537,0.027245017,0.008150591,-0.0080321105,-0.0070509566,0.016699674,-0.020181332,0.040577687,-0.055601366,0.01492752,-0.053982157,-0.023984024,0.08244365,-0.015917037,-0.010788606,-0.030609343,-0.0037660187,0.009116739,0.0004462894,0.046647295,0.09124537,0.022781558,0.023171205,0.01459702,-0.008499499,-0.0027488132,0.009982226,0.009333678,0.058591478,-0.014495882,-0.012719291,-0.030368086,-0.047335546,0.022759145,0.0058845365,-0.04104794,-0.011363246,-0.015273342,-0.0014114822,0.0010717928,-0.044620052,-0.021909758,0.0033383616,-0.004557541,0.07143999,0.015236344,0.03789786,-0.02886779,-0.03034505,0.01234873,0.021631205,-0.0014220398,0.009986852,-0.02549776,-0.0069409497,0.00029706527,-0.0155451195,-0.010992683,0.0015069462,0.012104941,-0.0011470391,0.011351691,-0.00077310775,0.01189072,0.048774544,0.005740388,-0.0017598171,0.0018428003,0.01796942,-0.056454875,0.021446059,0.0075250156,-0.042768616,-0.009261521,-0.0739746,-0.032509763,0.0073828124,-0.0181232,-0.006321523,0.009198957,-0.010608828,-0.07219712,0.00836495,0.015537807,-0.031721927,-0.03954766,-0.034623586,-0.034797996,0.07377169,-0.035801478,0.02110843,0.071314685,-0.08344602,-0.0335171,-0.0056658257,-0.01186534,0.028521057,-0.048834242,0.008589753,-0.02149237,-0.013623275,-0.008511467,-0.0053142635,0.01758412,0.031782914,-0.019867932,-0.057317242,-0.027774911,0.040277325,-0.0006860882,-0.0010178084,-0.018947463,-0.02538839,-0.0475717,0.05073777,-0.063288055,-0.02993271,-0.015528799,-0.012653049,-0.03726655,0.014581013,-0.09321452,0.009205087,-0.108099036,-0.044145416,-0.03856759,-0.032294333,-0.025134698,0.008416627,0.036603123,0.016446106,-0.01833762,0.045107357,-0.0047063986,-0.019042335,-0.07635527,0.033375442,0.0036898314,0.041088466,-0.050146274,0.05028692,-0.00606974,-0.0049344054,-0.06579881,0.024583738,-0.024364626,-0.0072976956,0.07111015,-0.068345614,0.03865867,0.019181753,0.016472494,0.060894378,-0.062333155,0.07680694,0.033966724,-0.029017163,0.011305475,-0.00023406664,0.017270777,-0.016657254,0.008262899,0.026760787,-0.017857542,-0.03594585,-0.02869512,0.0023305106,0.019492732,-0.0055211536,0.026016623,0.03584098,-0.013887639,-0.010473425,0.039350573,0.025370115,-0.038762353,0.00804057,-0.03958814,0.0055268006,0.07715668,-0.0034071575,-0.0109643955,0.033827115,-0.014891624,-0.0475714,-0.023749439,0.0074000144,0.029038966,-0.008212677,0.042351138,0.03885919,0.019113982,0.052378096,-0.0413947,-0.089125,-0.014263523,0.0679496,-0.06885475,0.02333833,0.034287333,-0.027814843,0.022620153,0.016454048,0.051044613,-0.010703844,0.008979603,0.023237076,0.0033919483,-0.021350482,0.006397178,0.04381136,-0.015303637,0.017310595,0.0007086867,0.018841587,-0.0012447414,-0.026543338,-0.011188856,0.025179744,-0.05721255,0.016796667,-0.0076466366,-0.012328942,-0.027224198,0.042850144,-0.027698241,0.047300573,-0.03951592,-0.012148743,0.014467233,-0.016151885,0.006822298,-0.0032429823,-0.00877452,0.005774921,0.010948762,0.091910824,0.0144100925,-0.055664107,-0.04907183,0.043675788,0.016598491,-0.00576919,-0.03368686,-0.03939495,0.023168352,0.03344077,-0.05108852,0.014267602,0.019995216,0.049320303,0.0015771162,-0.018242845,0.040681317,-0.036936034,0.07176672,-0.03930541,-0.0067575118,0.051309194,-0.009339141,0.026134271,-0.0355329,-0.009087828,0.084649645,-0.05645764,-0.031333093,-0.015319635,0.04246867,0.050217573,-0.02329583,-0.021024438,-0.037468072,-0.009513497,-0.053930815,0.06411543,-0.024645517,0.03147871,0.02924211,0.009740038,0.039503165,0.049875878,-0.033202328,-0.0043240846,-0.0044269343,0.012060303,-0.018267093,-0.02311782,-0.07079773,0.033250432,-0.016013658,-0.003814024,-0.010732744,-0.08413083,0.045245714,-0.041962747,-0.022363711,0.042614188,0.019708455,-0.0049411734,-0.0100817615,0.05604124,0.017042782,0.013999091,0.030850949,0.013345774,0.022650953,-0.02965698,0.042484414,-0.01750744,-0.027172565,0.060949188,-0.021820972,-0.027029775,0.018307386,0.06271722,-0.018380847,0.017319834,0.024556516,0.0041811885,-0.038823485,-0.06454974,-0.0029398566,-0.00757102,-0.009715076,0.0057151415,0.017816665,0.02732867,-0.014037821,-0.039994814,-0.047389098,-0.008224503,-0.005202612,-0.067760386,0.007782533,-0.034397345,-0.040562134,0.03741613,-0.01774092,-0.06837371,-0.023694757,0.03311577,0.0040160934,-0.065174945,0.08938855,-0.011418212,-0.034758423,0.066947564,0.02659426,-0.02327609,0.024093905,-0.011938691,0.029435463,-0.0060787206,-0.019492736,0.0036763255,0.018886155,0.004513507,0.016695615,-0.021685867,0.039725773,-0.056798164,-0.040750258,0.030819193,0.020468539,-0.04001408,0.027517172,0.009521052,0.009383104,-0.029545521,-0.0353008,0.0521095,0.062175713,0.01873509,-0.038822014,0.017630717,-0.024475448,-0.013999657,0.029802622,0.0007644707,0.0020027843,0.03564794,0.07621642,0.059878152,-0.015873292,-0.047098633,0.012025882,-0.028608594,0.019105965,0.022306697,-0.001808301,-0.006662068,0.062144704,0.015975067,0.0021862597,0.059605718,-0.07191346,-0.006268457,0.07146769,-0.01972377,-0.021557983,-0.011521788,0.0018569691,0.03158798,0.0065532355,-0.016494865,0.010332906,-0.01306868,0.10254957,0.046662673,-0.0008714676,0.0096936105,-0.10234325,0.0022689728,-0.008362631,0.019289495,0.061084162,0.01938847,-0.04972277,0.021821946,-0.018624641,0.04021465,0.03035333,-0.0018613738,-0.0069132606,0.009890363,0.027816452,0.018604089,-0.09159205,-0.019546792,-0.035283763,0.0035948218,0.06344728,0.016840622,0.044092167,-0.04729904,0.06196874,0.001548522,-0.037815697,-0.010358569,0.06635546]', '21bc38d7-818c-486b-9d4d-882c9c1be359', NULL, NULL, '2024-01-22 02:28:38.640428+00', NULL);
INSERT INTO public.item_vectors (id, vector, beer_id, wine_id, spirit_id, created_at, coffee_id) VALUES (36, '[0.048521027,-0.065095186,-0.03181768,-0.043735493,0.018092401,-0.04028986,0.017519742,0.00841998,0.029248003,-0.010366768,0.010166598,0.0038318154,0.020840887,0.009394036,0.0040910426,-0.0057622213,-0.027733343,0.024778435,0.010937413,-0.04051729,0.01647046,0.011282227,0.037478093,-0.026677398,0.017238928,-0.034719326,0.011073743,-0.065481216,-0.011192493,-0.0141897155,-0.13292524,-0.013085948,-0.108836785,-0.0060505294,0.05942858,-0.011705022,0.012581929,0.040662326,-0.004888777,0.027938122,0.015783774,-0.043190714,-0.03899489,-0.021650437,0.017839424,-0.038633235,-0.012648802,-0.045139637,-0.019995319,-0.0658045,0.019172028,0.017542727,0.007042612,-0.019602494,-0.01309066,-0.03186943,0.03322676,-0.00714755,-0.0020510638,-0.015717166,-0.040854692,0.01535151,-0.029776897,0.0067319875,0.0046835155,-0.040682975,0.012493277,-0.005413969,0.08280605,-0.002179906,-0.009473916,-0.050654843,0.04865792,-0.006831531,-0.051323812,-0.117196575,-0.0009909456,0.07669047,0.024960903,-0.017392118,0.018035743,-0.055849902,-0.07815659,-0.035322413,-0.07975931,0.04907487,0.004546873,-0.006176077,0.016404444,-0.013383259,-0.021499183,-0.0165583,0.032913737,-0.0334683,-0.0011749327,0.040199947,-0.015026315,-0.025674094,0.03165654,-0.044419903,-0.04873466,-0.03980165,0.027189728,0.0455737,0.027858755,-0.013944422,-0.010577294,0.02593732,-0.042548843,0.032974523,-0.055070512,-0.039897583,-0.014013487,-0.010265193,-0.0040648393,-0.028549928,-0.01048313,0.08176739,-0.0028198117,0.06028379,0.019433685,0.017632617,0.0014779432,0.007962886,0.055404563,0.020867955,0.04748904,0.00335681,0.026763005,0.018423527,-0.024101304,-0.022598848,-0.017323297,-0.0021129707,0.099424236,0.040975254,0.036048174,0.03862142,0.05385536,0.020140572,-0.012735622,0.01358298,-0.03794259,0.039432596,-0.065289944,0.017396465,0.016036743,0.0037277618,-0.0061358693,0.0012992835,0.002706394,0.00078604795,-0.049023744,-0.0077797202,0.030437047,-0.047712725,-0.024288692,0.012420359,-0.023587804,-0.0006497238,0.04156463,0.0195407,0.0015020011,0.036206998,-0.03657548,-0.0049764086,0.0468386,-0.001758281,-0.011442502,-0.014457175,-0.011168208,-0.029270891,-0.011047894,-0.047518466,0.0052965377,-0.023923758,0.05651151,0.004172406,-0.013757581,-0.022418158,0.0064398693,-0.020453643,0.050066136,0.026205443,-0.0019175465,0.043765254,0.036707595,-0.028044464,-0.019860137,-0.038471904,-0.021576207,-0.014073284,-0.0350333,-0.018653644,0.022048233,0.0371268,-0.03061276,0.03423281,0.057989977,-0.034230422,-0.03913243,0.07995267,-0.03557425,-0.0059673074,0.0490084,-0.026196003,0.061221458,-0.041004416,-0.016485421,0.023353959,-0.0368377,0.017899439,-0.102764085,-0.019518767,0.067353345,0.036864582,0.03559504,-0.027125012,0.012235169,-0.037411906,0.013356391,-0.017964385,-0.053876948,0.056919914,-0.0075738486,0.022519838,0.0041408786,0.06200013,0.0040742117,-0.04373702,0.0326973,0.0339703,-0.0022293972,-0.07862295,0.036303382,0.019395787,0.014923624,-0.039624486,0.05587803,0.017924337,-0.025713835,0.03116395,0.025090717,0.015106182,-0.021614382,-0.019271191,-0.015098066,0.045007113,-0.024839582,0.006976466,0.00731366,0.0074598202,-0.012093515,-0.0047567682,-0.06788337,0.021079248,-0.08089272,0.004562456,0.0032068768,-0.0028458086,0.0016072184,-0.037665553,0.007106609,0.02242941,-0.02763728,0.042591624,0.046689287,-0.034711313,0.04855135,0.0009006014,-0.018816434,0.025327902,0.051832408,0.026476981,0.006921892,0.05163996,-0.035766307,0.012922135,-0.0014346769,-0.049233723,0.058417015,0.04998025,0.03328887,-0.020331739,-0.0011558932,-0.016515499,-0.05354774,-0.011935315,0.00073879753,-0.030031491,-0.032380056,-0.07323337,-0.0029362456,-0.04874348,-0.036033336,-0.035718128,-0.035469618,0.048390508,-0.021819633,-0.023052212,-0.022149976,-0.0037008012,-0.015268837,-0.0017583317,-0.021004142,-0.009584173,-0.0060139555,-0.05545344,0.024950923,-0.028407484,0.052040804,-0.01647503,-0.037157234,-0.016826158,0.02481688,-0.0289755,-0.0089780055,0.068878844,-0.03249969,0.05685609,-0.018667508,0.020106694,0.04069428,-0.020719694,0.039376922,0.033541504,-0.054784283,0.0413051,0.040724237,0.03502963,-0.03525414,0.045795225,-0.017051736,0.048325144,-0.023484536,0.08122251,-0.03174731,-0.020287922,-0.056056965,-0.0013565159,0.05480049,0.027281592,-0.0956376,-0.03855388,-0.03523856,-0.015445438,-0.053372934,0.05887234,0.08505675,0.024129698,0.04908845,0.027756965,-0.034381017,0.0021465374,0.026885519,-0.018422516,0.03758349,-0.06948886,-0.041781377,-0.040832497,-0.076264076,0.06515479,0.04790634,-0.0422726,0.024968239,0.07639497,-0.010589356,-0.0010807249,-0.04218085,-0.005162619,0.04036023,-0.043636337,0.04403291,-0.0027311684,-0.02614926,-0.018074179,-0.049028095,-0.025794964,-0.0060981647,0.011617534,0.047522105,0.02461549,0.041070204,0.01950176,-0.027180336,-0.0015164714,0.034657713,0.035036873,-0.04621903,-0.010781203,-0.0004969552,0.008859101,0.033203613,-0.01655057,-0.03949943,-0.028504783,-0.0197936,0.0017919873,0.011017691,-0.008636254,-0.017702715,-0.012776858,-0.02203946,0.008833213,0.018423913,-0.055866346,-0.015550826,-0.009790144,0.0051469216,-0.060097907,0.05714961,-0.00645077,-0.013982762,-0.051005013,-0.035726707,-0.037293736,0.07446817,-0.004104995,0.010463388,0.094158135,-0.021809231,-0.007159509,-0.042914513,-0.029146984,-0.032371815,-0.04877968,-0.0322874,-0.045635276,0.03882277,0.036160015,0.011424789,0.013348705,0.005663189,-0.01131057,0.007766545,-0.0029913126,-0.035350163,-0.005574888,-0.05613684,-0.002645369,0.011833737,0.0109643815,0.04407231,0.025652427,-0.04273542,-0.052526735,0.022210618,0.010637838,-0.041122068,-0.05929646,-0.022191988,-0.07220612,-0.0013106572,-0.0885169,-0.050315086,-0.02059627,0.0061523635,0.06583756,-0.02859984,0.01945307,0.012396039,-0.02398292,-0.012381475,-0.0569799,0.0396127,-0.01516077,0.0008026219,-0.056958184,-0.029631918,0.04042596,-0.008093431,-0.12108448,-0.011209742,0.019061055,0.0052668187,-0.026061159,-0.03287541,0.03317991,0.04140272,-0.024950504,0.046125352,-0.03273861,0.047836214,0.0021364896,-0.0025364605,0.029923722,0.0025953453,0.006631303,-0.011348076,0.012375575,0.025100168,-0.017762523,-0.065808035,-0.021973265,-0.05190666,0.021355884,-0.013056098,0.027729176,-0.012461439,-0.033063833,-0.04717779,-0.035287667,0.020035852,0.012512404,0.048910066,-0.02828432,0.008518946,-0.025452688,-0.0012415664,0.008108852,-0.027991185,-0.014050983,-0.003388262,-0.008971159,-0.004254862,-0.032994978,-0.0481858,0.02711009,0.038463265,0.012707721,0.057819344,0.0016899805,-0.11520483,0.0127671,-0.0064353235,-0.078143,-0.052927323,0.021246143,-0.020623738,-0.015348171,-0.008699149,0.04989156,-0.053688828,0.0664775,-0.01431978,-0.051499814,-0.013535436,0.03152058,0.007249037,-0.002221387,0.05097436,0.013292199,-0.02510911,0.0066988408,-0.042115457,0.019781314,0.029250974,-0.035989113,0.004340169,0.0056742234,-0.02181633,0.019482233,0.0049980497,-0.044843726,0.019821689,0.03214218,0.013234726,-0.031353712,-0.033520445,-0.014643369,-0.013233303,-0.014268286,0.00012522454,-0.0028117937,0.08996914,0.027205668,-0.031519476,-0.021906398,0.04645367,-0.054623436,0.019500405,-0.030102802,0.04276542,-0.007962855,0.07963516,0.0026768628,-0.020849831,0.016423881,0.003214318,-0.022256931,0.020621575,-0.020611584,0.012881917,0.059482157,-0.026776735,0.031792514,0.039435927,0.00041622494,0.055756252,-0.011475672,-0.04173372,0.033690944,-0.058595244,0.0005355967,-0.051104188,-0.008053309,0.039111625,-0.043695778,-0.033273775,0.0026979628,0.021593992,-0.066844575,-0.0029784988,-0.03840294,0.06871486,0.039649874,0.017009929,-0.017661186,0.00401059,-0.000121929996,0.0319804,-0.0038844645,-0.042412676,-0.010156544,-0.06764215,-0.030763173,-0.00485089,-0.02776542,0.042972893,-0.010284761,-0.010430667,0.031228445,-0.007094542,-0.002508743,0.03850279,-0.007794391,-0.020543998,-0.044490512,0.04996669,0.049205195,0.010787818,0.084673986,-0.009553089,-0.042745695,-0.03248048,-0.010452822,-0.04283688,0.003022069,0.032390963,-0.029252373,-0.026077753,0.06517452,0.046997044,0.007093007,-0.03164607,0.08072532,0.0008740176,-0.037838705,-0.021187045,-0.014923531,0.016467417,0.009738505,0.0035271149,0.039366122,0.016093358,0.037049994,-0.05363741,-0.0021445304,0.07272088,-0.0052088224,-0.0049732793,-0.012017266,-0.020237762,-0.03097505,-0.0053849234,-0.028061578,-0.05212094,-0.05510104,0.034978855,-0.010046078,-0.03932406,0.050163675,0.07817174,-0.03825828,0.027753,0.07339857,-0.051518563,0.0035408235,-0.05733774,0.05837061,-0.004022959,-0.03975138,0.02725242,-0.01199248,0.013438869,0.02141835,-0.010609749,-0.006047785,-0.022627983,-0.022318194,0.010637839,0.009365946,-0.035316307,-0.023878315,0.02615079,0.0054872213,-0.00054716575,-0.049639158,-0.02223774,0.072142534,-0.038551543,0.02665557,0.0026972033,0.022470236,-0.031090539,0.029009605,0.04648048,0.020028949,0.015199421,0.068359874,0.014125155,-0.04647769,-0.030792903,0.030131882,-0.0046504736,-0.023223134,0.027137578,-0.040417064,-0.03366955,0.037378784,-0.0012542228,-0.0074384985,0.0007400032,-0.020080931,-0.0029842951,0.07563656,-0.031123819,-0.030629197,0.019342504,0.009191123,0.06196781,0.0036747747,-0.018511588,-0.030998275,-0.040715475,0.009713023,-0.024207897,-0.026756689,-0.049117,-0.0696796,0.021563334,0.04786484,0.040129025,0.03567087,0.037802897,-0.041089926,-0.006161661,-0.0033751607,-0.0063747917,0.0066424604,-0.020225693,0.046366263,-0.039101094,0.07590561,0.021854643,-0.057161782,0.00225692,-0.06982725,0.0029730017,0.04326426,-0.026198499,0.022573499,-0.008092949,0.018214935,0.07235731,-0.001386025,-0.040476967,0.018339697]', NULL, '2d84ca4d-bcd4-4170-9905-7fabc282e19a', NULL, '2024-01-22 02:30:08.338771+00', NULL);
INSERT INTO public.item_vectors (id, vector, beer_id, wine_id, spirit_id, created_at, coffee_id) VALUES (38, '[0.02933011,-0.030021207,-0.06319884,0.0014296193,0.07527772,0.040747188,-0.0061166966,-0.05210209,0.04707568,0.01916528,-0.047878586,-0.009634902,-0.007905622,-0.022432027,-0.050326217,-0.014911745,0.018065654,-0.008584115,0.0027212836,-0.034090213,-0.02582894,0.039487492,0.046357643,-0.0019756306,-0.030082097,-0.017981078,0.012576396,-0.009622835,-0.04687279,0.0030703186,-0.051011067,0.06567038,-0.037798844,0.016584791,-1.0587118e-05,-0.025827503,-0.005371687,0.067539416,0.014008173,0.05583252,-0.027424756,0.0019618177,-0.015782218,0.006628656,-0.024758648,0.0100882,-0.016585814,-0.0441284,-0.061473545,-0.015739823,0.015987605,-0.013518631,0.0048050093,-0.036739893,-0.00031406153,-0.042756528,-0.015734289,0.0043661064,-0.008432124,0.0075007994,-0.0030521231,0.00672179,-0.001215808,0.017538004,-0.007422,-0.04638614,-0.0017762532,0.026528485,0.03217678,-0.046489082,0.0037655854,-0.04780477,0.05109728,-0.018443959,-0.011812445,-0.039780334,-0.010749847,0.031601727,0.0640258,0.009271387,-0.009124566,-0.0631851,-0.022795236,-0.010837533,-0.06097002,0.020880554,-0.051795743,0.0014746189,1.9001234e-05,0.06372085,-0.024495212,-0.0015840519,-0.005763226,-0.058742225,0.019410476,-0.023101667,-0.01687744,0.0023779487,0.024231227,-0.04902321,0.022663135,-0.03584287,-0.082644686,0.012259299,-0.008029723,0.0015077085,-0.013989541,0.05364474,-0.048618432,-0.009671096,-0.084645815,0.007964246,0.02427305,-0.023523062,0.043207567,-0.05150913,-0.005413182,0.084934704,0.012292999,0.0609857,0.022660542,-0.0014060216,0.025617093,-0.034540508,0.027864551,0.02645092,0.021237247,0.0060322103,0.049672678,0.032470834,-0.05276071,-0.0436623,-0.023626642,-0.0030184262,0.04779191,0.07365468,0.06405181,0.074311644,0.059170105,0.034622837,0.03845786,-0.045983486,-0.05096232,0.03311779,0.017002553,0.07096303,0.020276297,-0.0043372917,0.02775606,-0.028845798,0.015106006,-0.007325583,-0.019964756,0.01977741,0.015810397,0.03836684,-0.029409062,-0.01920431,-0.003759308,0.016665379,0.026119187,0.021678286,0.032095037,0.025894977,-0.0042772014,-0.018645497,0.030230688,-0.0019312847,-0.003936354,-0.011481399,-0.012920471,-0.02879213,-0.022143994,-0.03545493,-0.011052107,-0.058848,-0.03167342,-0.0022548172,-0.013464193,0.005610084,-0.0318059,-0.03561138,-0.025380239,0.0024163076,-0.009457561,0.0023512372,0.039233,-0.02213225,0.018051365,-0.0010654146,-0.0100563485,-0.008375071,-0.04108666,0.0076520564,-0.030573066,0.005172412,-0.0043961327,0.03793888,0.0032348705,0.0020135534,-0.016891848,0.07740439,-0.021148378,-0.014506018,0.0017287543,-0.0035225635,0.05057294,-0.045183588,0.046559554,0.019598538,-0.018733362,0.06318705,-0.055262692,-0.019146265,0.07510038,0.045297403,-0.0009065731,-0.0275759,-0.043975,-0.08730948,-0.026142778,-0.029365333,-0.057779398,0.04871339,-0.039102647,0.07765201,-0.0169066,0.08966549,0.047409806,-0.052555844,0.02875613,0.07799632,-0.0027164626,-0.038837586,0.06240983,-0.00874503,-0.0030521753,0.05777822,-0.030501848,-0.0106464755,-0.05425251,0.05000911,0.06487769,0.06957049,-0.0004555929,0.0004272053,-0.023158306,0.024009442,-0.02005828,0.026477387,-0.033611946,-0.055187006,-0.0069748554,-0.023833001,-0.07704988,0.040322173,-0.05813845,-0.05616847,-0.010087372,0.033329427,0.032954525,-0.035240777,-0.022142999,-0.008023146,-0.012176388,0.0018486476,0.021452036,-0.06765807,-0.027535584,-0.037165426,-0.016492762,-0.0035182356,0.07945974,0.029601233,-0.019430457,0.058186166,-0.0052307704,0.0043160086,0.008416516,-0.021515213,0.030359598,0.06174164,0.03929863,-0.016783858,0.009475969,-0.043431364,-0.059245035,0.025757149,0.025261108,-0.03852359,-0.020096747,-0.006769869,-0.038882747,-0.00600719,0.0018618695,-0.031073367,-0.03687532,0.02837307,-0.05416371,-0.059175786,-0.008145141,-0.0005452467,0.0018845527,-0.059989806,0.0048311735,-0.0019744511,-0.0129682785,-0.031159053,0.002635362,-0.0340801,-0.011226319,-0.000402089,0.0061122216,-0.024900505,0.017514536,0.03440253,-0.060450424,0.052688953,-0.013926377,0.044156883,-0.0092259245,0.0670581,0.033214837,0.0039892104,0.032208897,-0.019016389,-0.021081477,0.030024359,-0.018877653,0.012784826,-0.03941241,0.01749104,-0.02680907,0.049751617,-0.0036626162,0.025724001,-0.039231557,0.0048945546,-0.051335342,-0.015484986,0.013400441,0.0021245966,-0.062734865,-0.056399316,-0.0042881942,-0.01063339,-0.0056847003,0.09727486,0.049729213,0.0048460737,0.039320428,0.038290463,0.011174784,0.043715153,-0.051161155,-0.016857643,0.04987475,-0.020401623,-0.05022366,-0.0033383828,-0.027324902,0.01976213,0.038530413,-0.035062715,-0.029246889,0.025042547,0.082526945,0.037468426,-0.024917249,-0.03601935,-0.009366967,-0.024315199,-0.00977792,-0.003015767,-0.03244022,-0.029085333,-0.027911726,-0.021904744,0.027126089,0.014227014,-0.03298932,-0.0029785333,0.013983456,0.003585981,0.005193591,-0.023923703,0.025978383,0.013635043,-0.026203496,0.044294797,-0.025984155,-0.0015987029,0.052442368,-0.015572429,0.0026003253,-0.010192547,-0.028126327,-0.0827731,0.05988136,-0.0054177847,-0.030383548,-0.013345495,-0.0460687,-0.028016726,0.020080674,-0.045041773,-0.013570108,-0.01919376,-0.011535166,-0.08479573,0.029436063,0.0007181703,-0.028658947,-0.065690674,-0.023241155,-0.07570881,0.07883273,-0.0075545977,-0.015279633,0.059053957,-0.016616384,0.013656728,0.011852376,-0.013053241,-0.0108037125,-0.03169772,-0.0074632196,-0.012517394,0.0037354536,0.01725998,0.0135121085,0.07144173,0.053269688,-0.071059145,-0.029149301,-0.0056136274,-0.043623023,-0.002726755,-0.011128183,-0.0073005557,0.0024557135,-0.043494347,0.008326228,0.017411513,-0.03043678,-0.0039014418,0.011883332,-0.014311777,0.005000136,-0.04297355,0.0002297727,-0.061963808,-0.028117793,-0.060411878,-0.059929933,-0.027458603,-0.026447121,0.033560954,0.025710095,-0.026883056,0.03513769,-0.011164727,0.048177723,-0.044043392,0.03772573,-0.010303354,-0.027079,-0.02229763,0.009253525,0.017064609,0.0170285,-0.054824423,-0.0063533224,0.007028229,-0.0056539173,0.027148047,-0.03575627,0.04676425,0.04682849,-0.027004134,0.0044684145,-0.032409094,0.0362958,0.019509466,-0.020812914,-0.019407967,0.019963669,-0.034764696,-0.03617387,-0.0027400835,0.022161711,-0.04026612,-0.009543334,-0.025010975,0.050311424,0.04442335,0.020128904,0.017135713,0.0068307156,0.04215848,-0.0071032494,0.014746614,0.035314836,0.006763549,0.006206215,-0.06024311,0.013010461,0.01982438,0.0054739877,0.015450487,0.046482455,-0.019488014,-0.02004102,-0.087398805,0.010919687,-0.0018290898,-0.03646236,0.029618105,0.06391098,0.006277373,0.027239846,-0.01827609,-0.08596084,0.03386848,0.040549785,-0.043250892,-0.025576321,0.059447214,-0.07847445,0.050706346,-0.025248991,0.09668487,-0.0033687637,-0.038352266,0.020016754,-0.0023520263,-0.000192372,0.037129696,0.03158314,-0.011306925,0.010340928,0.04317993,0.012734534,-0.0016563658,-0.019070521,0.0077309012,0.047791462,-0.103896186,0.028369255,-0.026052348,-0.020507995,-0.0017075145,0.048762217,-0.05602038,0.060011037,-0.046232436,-0.040799137,0.02864,-0.0026691726,-0.041252416,-0.016328696,-0.04195499,-0.03422544,-0.049609933,0.12615345,0.055549115,0.015365314,-0.030557135,0.049000602,-0.04176267,-0.033216245,-0.017381629,0.015617907,0.030864177,0.02960125,-0.037930746,-0.049703058,-0.00094192266,0.033974208,-0.012733111,0.016698387,0.010148405,-0.033735547,0.08181225,-0.03689111,0.03363425,0.109449156,-0.0012247702,0.06804433,-0.032107614,-0.0028450715,0.02770854,-0.046070065,0.0012302564,0.01671925,0.021717763,0.040139996,0.020838507,-0.016920773,-0.06889828,-0.00726813,-0.055332374,0.07159297,-0.045926124,0.084958136,0.03073245,0.006265075,0.005089425,-0.005465468,0.018497588,0.012020976,-0.029387249,0.017301138,-0.02665136,0.000509427,-0.019268038,0.025160845,0.0051908204,0.008818774,-0.014590421,-0.039301503,-0.0096122,0.025153859,-0.024672154,0.012986567,0.051347744,-0.030884882,0.02794745,-0.015749993,0.016154977,0.051143102,0.051845685,-0.017778294,0.029792085,-0.015695,0.034972426,-0.01614314,0.009112187,0.046400543,0.02708346,-0.027614886,-0.01280679,0.0074209226,0.043201707,0.019013984,0.036899842,-0.029126778,-0.09322721,-0.08144816,0.0024053268,0.0031109008,0.038684677,-0.0025699206,0.010643544,0.016384294,0.006340755,-0.026369523,-0.035618987,0.06536482,-0.027947819,-0.06386544,-0.020836135,-0.04867339,-0.040852275,0.025561798,-0.055942696,-0.08081242,-0.062381525,0.0063591436,0.031204361,-0.02957101,0.018633153,0.050562818,-0.056001123,0.035657708,0.022646893,-0.036640964,0.01246593,-0.050325874,0.017773012,0.015062792,-0.039916445,-0.016079841,0.04912236,0.02507036,0.05396831,0.04025098,0.029320437,-0.05795112,-0.037651327,0.009119808,-0.013332734,-0.05979437,0.0036281394,0.03794093,0.0041006855,-0.013927749,0.0065210154,-0.041611068,0.063648835,-0.030961929,-0.03903564,0.025546994,-0.036007237,-0.021491803,0.023087779,-0.01799124,-0.014213739,0.045083623,0.017997775,0.03418179,-0.037341107,-0.02948699,0.013425845,-0.045020774,-0.019832237,0.019564517,-0.024891365,-0.034836456,0.021072047,0.008855367,-0.033100646,-0.021608368,-0.019339493,0.0061202417,0.08272514,-0.012472658,-0.011136143,0.026847096,-0.012060719,0.020047355,0.036838915,-0.027184388,-0.006650049,-0.023680048,0.06684172,-0.012403912,-0.00900218,-0.040672358,-0.040868327,-0.0058769425,0.02083396,0.07075474,0.043635327,0.07940127,0.027626036,0.012906597,-0.005220546,0.004051798,-0.00031561955,-0.025095781,0.05626984,-0.0080941385,0.050862998,0.045216195,-0.06765403,-0.051170893,-0.04107015,0.036211815,0.012392892,-7.4046446e-05,0.04239384,-0.04320654,-0.02540428,0.045608584,0.02384692,-0.029492876,0.01669644]', NULL, NULL, NULL, '2024-01-22 02:32:48.997206+00', '877564ed-f9ac-4edc-9353-1692eb254c14');
INSERT INTO public.item_vectors (id, vector, beer_id, wine_id, spirit_id, created_at, coffee_id) VALUES (39, '[0.009040083,-0.0518756,-0.044495866,-0.01569163,0.04898035,0.038022414,0.0362991,-0.04221712,0.023467133,0.04201803,0.018585004,-0.023211561,-0.015403806,0.023437904,-0.0061835353,-0.026447823,0.002648977,-0.006594006,-0.01448889,-0.005238392,0.020481052,0.030906284,0.041189123,0.0037634787,-0.0069849673,-0.016024893,-0.019861199,-0.06141555,-0.037507705,0.016292937,-0.057482924,0.06868265,-0.08132936,0.01331231,0.028803667,-0.062057562,0.049137846,-0.007564388,-0.010492027,0.04972388,0.044669937,0.036564056,-0.0116412295,-0.0188149,-0.013653299,-0.040722813,-0.032333426,0.0067310357,-0.022453602,-0.030294884,-0.024763042,-0.014078715,-0.033832278,-0.056005478,-0.0015630688,-0.07403421,0.022466753,0.0082941055,0.0051172944,-0.055705573,0.029337201,-0.0005454204,0.012962027,0.023158131,-0.014902631,-0.06492609,0.014030581,-0.0056844554,0.030659048,0.022161186,-0.03683295,-0.080109075,0.04841902,0.011618685,-0.08166345,-0.10578161,-0.012977471,0.05758585,0.0019669824,-0.005783076,0.044185147,-0.042899314,-0.0017647153,-0.02817541,-0.04843351,0.022724167,-0.03680758,-0.0075390334,0.002568596,0.05121076,-0.035876628,0.05689102,0.010793453,-0.054124314,0.013346903,0.0060742204,-0.0030003798,-0.03371184,0.014978661,-0.022221453,0.034656566,-0.05147759,-0.033011097,-0.011659625,0.043178126,0.044741705,0.03137175,0.0540415,-0.03927332,0.0074993633,-0.023984749,0.007195239,-0.025137471,-0.020428032,0.040524155,0.012633052,-0.043327924,0.083608165,0.050458193,0.03884078,0.0325634,-0.016945004,0.0009764092,-0.0066780057,0.0746504,0.015065137,0.023952141,0.037781123,0.05039882,0.005268442,-0.032823637,-0.03167818,-0.009165965,0.007522005,0.07393253,0.06993945,-0.031473078,0.026992563,0.09567755,0.0015847152,0.009999118,0.021170186,-0.058150027,0.06061234,-0.030736916,0.00996002,-0.009762265,-0.027840642,0.07381744,0.008959555,-0.004202443,-0.013894784,-0.08087419,0.10021872,0.049966443,0.054004867,-0.002804922,-0.010233107,-0.024522595,0.00021785875,0.07634253,0.0011636679,0.028706348,0.0080210585,-0.022642462,-0.017205017,0.030742386,-0.014729982,-0.0051174425,0.0018114843,-0.09524094,-0.008379991,-0.03347701,-0.027658751,-0.06954454,-0.05663067,0.040019788,0.030555604,-0.008998414,-0.014939252,-0.0013618134,-0.02563789,0.005776179,0.012771991,-0.0235468,0.029891146,0.02674869,-0.041191194,-0.055311307,0.0003499515,-0.010743677,-0.03456612,-0.025094055,-0.012400489,-0.0032521402,0.033084523,-0.04383283,0.04913656,0.021567125,-0.007333946,0.018176451,0.049882423,-8.464482e-05,0.031630706,0.02850769,-0.015128889,0.039813396,-0.045963597,-0.014452151,0.013431948,-0.057874214,0.014792896,-0.07475989,-0.0241824,0.03625403,0.011665988,0.007686366,0.0106414845,-0.016319752,-0.07957137,0.031072829,0.009229377,-0.033642445,0.027382014,0.008091483,0.030484749,-0.022925947,0.0020103392,-0.011590696,-0.08538148,-0.005211508,0.052017353,0.012202876,-0.007839378,0.04383847,-0.017565109,0.03322809,-0.0034940282,-0.00015218237,-0.00033082112,-0.034004483,0.079059295,0.07463946,0.028203586,-0.037554525,-0.015479382,-0.027789714,-0.05513478,-0.025962811,0.0022855091,-0.0044705407,-0.064597815,-0.0003156347,0.012697938,-0.018693252,0.0135649815,-0.0596003,-0.015796699,0.006521524,0.008367042,0.046593048,-0.038736124,0.019524584,-0.033829488,-0.0567028,0.02248535,-0.014387169,-0.045398448,0.010848157,-0.0041557266,-0.027370274,0.0023188712,0.08299529,-0.010097392,-0.01448287,0.057293504,-0.0014684055,-0.00743151,0.010268977,-0.04300518,0.023166941,0.05552663,0.039303094,-0.01701382,-0.010776511,-0.0029024847,-0.04417301,0.002137745,-0.009195426,-0.0125849685,-0.013268825,-0.048599355,0.004334571,-0.02853388,-0.045261197,-0.051604494,-0.045641743,0.021085486,0.004689849,-0.04919191,0.0023191022,0.01710455,0.02085949,-0.051973257,0.0009883372,0.036894586,0.018795233,-0.052968577,-0.0029753796,-0.012909264,0.030616125,0.04092451,0.01660535,-0.002888648,0.015195816,0.022203008,-0.010232864,0.04466005,0.013615203,0.044874866,0.028309694,0.02919165,0.045493446,-0.0012023147,0.058594868,0.017692123,0.019719511,0.05012859,0.0035856965,0.06142592,-0.022609573,-0.0053896396,-0.0020314853,0.02569568,-0.017196381,0.014382925,-0.016270524,0.036742274,-0.06383055,-0.0059551843,0.080695115,-0.008946827,-0.029293885,0.005103342,-0.03315237,-0.009845075,-0.02897167,-0.03537949,0.11577818,0.023409301,0.019411478,0.022284688,0.009244895,0.010109515,0.033709485,0.022259008,0.05525537,-0.06620729,0.02674125,-0.053766623,-0.060166173,0.055484496,0.03203102,-0.018604532,-0.027766682,0.017628577,0.028860131,-0.021390958,-0.08183683,0.0063739233,0.03041551,-0.058767553,0.05436989,-0.036001027,0.006091718,0.00066308596,-0.0064854664,-0.013135067,-0.009574784,0.02306591,0.0033958287,-0.019378202,0.030535655,0.039836902,0.00072701776,-0.03662084,0.032860227,0.02468122,-0.003037522,0.00305623,-0.02404467,0.016465439,0.04741495,0.024766332,-0.030428877,0.0030820637,0.017249852,-0.07722468,0.04596967,0.026836812,-0.010734653,-0.022053637,-0.030426785,-0.051243324,-0.0083993515,-0.00597404,-0.0021523545,0.0053228233,0.017038532,-0.0962994,0.03723606,0.037291784,0.019890439,-0.037575316,-0.029540312,-0.028033478,0.053373605,0.008471665,-0.050254814,0.025126396,-0.038663,-0.010764198,-0.032980565,0.010925145,-0.0012509213,-0.03651919,0.010891952,-0.0024696044,0.041788384,0.008789268,-0.0016821425,-0.010805393,0.0008213803,-0.0073485407,-0.01773437,-0.033316243,0.021738352,0.0044720788,-0.024099054,0.01283322,0.03192782,0.018586848,0.04349302,-0.0040241876,-0.040997777,-0.04332862,0.013076853,-0.0064742384,0.013752827,-0.06499981,0.0053552506,-0.08600005,-0.03179578,-0.0509477,-0.02860763,-0.052526943,0.020108046,0.001624456,0.022770254,0.017409468,0.03352824,-0.05903065,0.019028306,-0.10185254,0.055430952,-0.03178905,0.0024648323,0.008291822,0.03488635,0.0255062,0.022440528,-0.07568816,-0.013787201,0.033295937,0.04266033,0.0016616012,-0.049561158,0.09231147,0.01317804,0.0021865927,0.026085554,-0.014782589,0.028092047,0.036608256,0.00230067,-0.00978807,-0.035907146,-0.028118188,0.010514877,0.038596597,0.018919684,-0.0444686,-0.07279654,-0.03911625,-0.072841495,0.010924685,-0.02797324,0.019513665,0.01943371,-0.0042631715,0.042138636,-0.014291617,0.0032230692,-0.060062855,0.01913018,-0.022033872,0.016646262,0.017613443,-0.015215179,-0.01035345,0.033690393,0.0045205634,0.048700098,0.00053566706,0.01859123,-0.025013048,-0.025903217,0.08824258,0.0609223,0.001461832,-0.017601179,-0.026929237,-0.14242242,-0.011630174,0.08701139,-0.05550558,0.04073313,0.06354319,-0.042532917,0.0006370896,0.011880768,0.04465983,-0.044508684,0.007986791,0.0028352486,0.036028177,0.024199523,0.045053132,0.042973675,-0.04121211,0.016819507,0.0022319779,-0.0026248347,-0.0065733767,-0.021618308,0.021811446,0.008198621,-0.10079817,0.024830686,0.03292761,-0.005469476,-0.031296093,0.008591582,-0.078195564,0.07283056,0.0267198,-0.025964847,0.004106576,-0.0066596232,-0.027557205,-0.0001795484,-0.002306574,0.00056573056,0.022595258,0.07790246,0.038163166,-0.03690544,-0.06756109,0.040347494,0.010215557,0.031357612,0.044142425,-0.021876102,0.029663743,0.08542734,-0.010790741,-0.0074197985,-0.010326296,0.026425067,0.02132573,0.015397521,0.018803583,-0.0016734811,0.04745732,-0.04177353,0.025340427,0.028295731,0.0010613846,0.0028491055,0.009355722,-0.036051787,0.012079179,-0.022993967,-0.011788023,0.010033319,0.021502584,0.022674624,-0.043021034,-0.025584806,-0.045037568,0.022912724,-0.045685884,0.028422708,-0.012941634,-0.0038102188,0.05846216,0.0315481,-0.03168663,-0.010480398,0.01673865,-0.025313597,-0.040491115,0.008195431,0.0050851326,-0.033912517,-0.04475651,0.07058372,-0.059145715,-0.01591256,-0.09003042,-0.057376917,0.015920201,0.009735362,-0.0031348292,0.042333692,0.052458428,0.021600181,-0.037176877,0.027281815,0.022891061,-0.0073462687,0.06487307,0.016121717,0.01328716,-0.059035305,-0.0017433782,-0.032190673,-0.026620604,0.06225845,-0.034728773,-0.065209635,0.0413839,0.049114883,0.009572856,-0.06554192,0.050040923,-0.056695607,-0.05867168,-0.015097842,0.0043443493,0.027697038,-0.026330896,0.028000064,0.023547214,0.036904965,0.0041875453,-0.041754913,-0.011912247,-0.0049216687,-0.00037357147,-0.053104155,0.0020623656,-0.017013036,-0.02155275,-0.03210216,0.011129719,-0.057141226,-0.06887149,0.028557982,0.07579824,-0.061028484,0.019092437,0.02195361,-0.028468525,0.05180393,0.016512956,-0.077868484,0.0018490945,-0.016308704,0.04880796,0.007832496,0.0041135214,-0.0074980985,0.0027842731,0.008760916,0.0072606686,-0.020327857,-0.0012832261,-0.034475755,-0.029421635,0.011009203,0.009216594,-0.011108008,-0.0007494991,0.0030027966,0.04951304,-0.020735195,-0.02519283,-0.032817204,0.02880352,-0.013033148,-0.033610698,-0.009748635,0.01749369,-0.02758338,0.010481208,0.015928147,0.0067659444,0.018778086,0.049386993,0.02554072,-0.0152206775,-0.03542028,0.0070245224,-0.040970977,-0.023072857,0.023735749,-0.030489374,-0.048462044,0.0038748933,0.03287611,-0.013063349,0.045383465,-0.018409574,-0.010655788,0.020926438,-0.023547139,0.02043821,-0.025280483,-0.017101062,0.0525047,0.014928176,-0.037465297,0.004499865,-0.007932444,0.013352024,0.0026463226,-0.005147989,-0.016035914,-0.044469804,-0.04952983,-0.007292748,-0.008780813,0.06483062,0.011887939,0.0212143,-0.017433474,0.0073555554,0.021957073,-0.010325877,-0.015654448,0.039015796,-0.0035040742,0.09729748,0.018875381,-0.057232175,-0.041183587,-0.045978907,0.030917792,0.024064528,-0.0686783,0.032961637,-0.047240067,-0.018943472,0.036112733,0.046264026,-0.051149383,-0.00048141877]', NULL, NULL, '49fa949e-5a75-4afe-81fe-fb052ee79b25', '2024-01-22 02:42:05.285316+00', NULL);
SELECT pg_catalog.setval('public.item_vectors_id_seq', 39, true);
